customer_id,name,email,address
1,Edwin Powell,lgardner@example.net,"8487 Michael Port
Christineshire, NJ 01313"
2,Amanda Kelley,thompsontimothy@example.net,"1993 Jeffrey Expressway Apt. 497
North James, NV 16481"
3,Matthew Cox,tina95@example.net,"3212 Clayton Roads
Angelaborough, MA 27834"
4,Larry Gardner,danielle89@example.com,"8956 Kenneth Parkway Suite 760
Jasminefurt, NH 90722"
5,Andrew Hamilton,huangjamie@example.net,"6679 Caitlyn Shoal
North Benjaminborough, AR 64459"
6,Brian Le,charles09@example.org,"USNS Clark
FPO AE 03685"
7,Robert Gibson,wardjennifer@example.com,"6327 Campbell Camp
Brandonland, LA 32846"
8,Michael Cox,gonzalesstephanie@example.net,"240 Clements River Apt. 655
Owensborough, WY 34312"
9,Amy Harding,ephillips@example.com,"02960 Joseph Street Suite 192
North Jasmineberg, MP 72697"
10,Taylor Yang,garcianancy@example.org,"9709 Patrick Crossing Suite 495
East Dianeberg, UT 13736"
11,David Sharp,btaylor@example.net,"36513 John Highway
Port Meganstad, WV 90963"
12,Todd Schmidt,fmontoya@example.com,"76810 Suzanne Flat
East Christopher, FL 88785"
13,Russell Williams,eileenjohnson@example.org,"755 Jones Extension Apt. 349
Lake Catherine, SC 63964"
14,Cindy Craig,yorkjim@example.net,"6959 Scott Vista Suite 149
Lake Mauriceburgh, OH 71508"
15,Ann Morris,fcline@example.org,"68724 Villa Lakes Suite 722
South Michaelmouth, NE 06664"
16,Amy Harmon,oharmon@example.net,"Unit 3071 Box 3863
DPO AP 70018"
17,Cynthia White,paulcollins@example.org,"93978 Abbott Pass
New Ana, KS 73623"
18,Brent Henderson,chavezglenda@example.org,"5396 Jeffrey Creek Apt. 650
South Jeanne, DE 12547"
19,Cheyenne Stephens,kenneth98@example.net,"368 Kirsten Point Suite 903
West Brandihaven, NC 74565"
20,Emily Clarke,matthewschroeder@example.net,"4422 Ortiz Lock Apt. 346
South Joshua, OK 82208"
21,Gregory Trujillo,iholland@example.org,"976 Middleton Fork Suite 931
North Lukechester, MS 44195"
22,Michael Holmes,williamsrachel@example.org,"PSC 5462, Box 4938
APO AP 76256"
23,James Collins,gina62@example.org,"247 Jordan Prairie Apt. 246
West Eric, TN 15720"
24,Daniel Mcbride,cesar36@example.com,"42117 Williams Plaza Suite 267
Cochranshire, MH 13334"
25,Daniel Walker,kmorse@example.org,"219 White Villages
West Josephfurt, VT 12873"
26,Jeff Crosby,matthewbeasley@example.com,"74729 Whitney Hill
Youngton, TN 23300"
27,Jeffrey Fletcher,qzuniga@example.com,"923 Oconnor Hollow
North Christinaland, LA 86464"
28,Brenda Palmer,tim75@example.org,"21291 Katherine Trafficway Apt. 823
Youngfurt, OH 99817"
29,Jacob Sellers,wyattdavid@example.org,"66340 John Courts
West Deborahville, WI 15934"
30,Troy Knox,charles54@example.org,"8863 Griffin Squares
Joshuastad, VA 46544"
31,Sean Colon,graypamela@example.org,"10434 Andrade Spurs
Williamsside, NV 88028"
32,Larry Williams Jr.,colleenguerra@example.net,"04419 Kelly Walk Apt. 305
Lake Carla, MI 16473"
33,Veronica Walker,doughertybenjamin@example.net,"28878 Johnson Passage
East Theodoreberg, NC 77859"
34,Donald Gonzales,micheal76@example.net,"PSC 6806, Box 1321
APO AP 86409"
35,Leslie Thompson,nicolecummings@example.org,"814 Sanchez Coves Suite 770
Stephaniefurt, KY 43222"
36,Jesse Anderson,daniel36@example.com,"4448 Yang Unions Suite 464
North Amandatown, NC 13921"
37,Jenna Andrews,abooker@example.org,"5867 Ronald Turnpike
South Leslie, PR 81702"
38,Jason Ramirez,juliewilson@example.net,"Unit 4576 Box 1352
DPO AA 93625"
39,Steven Hodges,campbellmelvin@example.com,"972 Dennis Prairie Apt. 010
Port Stephenchester, IA 88659"
40,Amanda Mcgee,johnsmith@example.com,"9703 Mills Glen Suite 207
Morganchester, LA 69418"
41,Eddie Jones,schmidtcraig@example.net,"PSC 4000, Box 6025
APO AE 62613"
42,Paula Walker,zpaul@example.net,"4184 John Keys
South James, MP 54499"
43,Brian Logan,matthew82@example.com,"13983 Reed Viaduct Apt. 111
Olsenfort, ND 97129"
44,Erin Torres,snyderbrandon@example.net,"079 Pena Groves
Kochmouth, OR 28961"
45,Steven Moss,sethjefferson@example.net,"68558 Holmes Plaza Apt. 472
East Ronald, AL 32738"
46,William Hughes,louispennington@example.net,"53203 Garcia Groves Suite 102
Anitachester, NJ 65651"
47,Edward Patton,staceyescobar@example.org,"09245 Shawn Center Apt. 118
Port Kelly, ND 32242"
48,Charles Williams,griffindana@example.net,"50965 Curtis Island
Carlamouth, VI 72678"
49,Christopher Gonzalez,brandon51@example.org,"290 Audrey Unions Apt. 137
Kimhaven, MT 90549"
50,Stacey Hall,campbellvictoria@example.org,"105 Henson Shore Apt. 825
Shirleyfurt, MP 49174"
51,James Whitaker,schultzrobert@example.com,"0028 Thompson Course Suite 037
North Sheri, GA 40478"
52,Jessica Clark,ramirezjose@example.org,"525 Graham Branch Suite 314
North Carriefurt, MH 07556"
53,Stephen Ortega,jacob29@example.net,"0117 Smith Rue
New Bobbyberg, OH 90141"
54,Laura Jones,emilylozano@example.net,"23303 Vaughn Ferry Suite 202
West Carlastad, IA 87381"
55,Scott Garcia,littleandrew@example.org,"PSC 2569, Box 7434
APO AP 31346"
56,Amy Byrd,gonzaleskatherine@example.org,"7490 Taylor Valley Suite 123
Port Ashleyview, MH 92614"
57,Gavin Reynolds,mark97@example.com,"PSC 5737, Box 3123
APO AP 65623"
58,Bobby Ware,kristaboyd@example.org,"8473 Christy Prairie
South Andrea, CA 74217"
59,Shawn Garner,ejones@example.net,"630 Kelly Turnpike Suite 775
South Margaretshire, CA 86314"
60,Melissa Martin,hebertjoshua@example.com,"283 Mary Drive
Sarachester, DC 87394"
61,Wesley Webb,iwilliams@example.net,"376 Paul Mount
South Sandrafort, FM 16772"
62,Sarah Wheeler,anthonyhall@example.com,"8824 Michael Locks Apt. 406
Jamesfort, OK 72425"
63,Brian Johnson Jr.,xcastro@example.net,"950 Miller Mission Apt. 501
Mollyberg, IL 44437"
64,Pamela Thomas,hernandezchristopher@example.org,"6691 Robinson Pass Apt. 872
North Ellenfort, WI 32164"
65,Mark Moran,edward86@example.org,"Unit 9095 Box 5750
DPO AE 33990"
66,Mark Garcia,rsmith@example.org,"82057 Margaret Inlet
Listad, SD 47893"
67,Wendy Walker,jamesharris@example.com,"USS Stanley
FPO AA 08007"
68,Michelle Cunningham,kimjohn@example.com,"USNS Collins
FPO AP 54935"
69,Jason Ferrell,hobrittany@example.net,"5467 Howell Plains
South Abigailmouth, MT 25733"
70,Amy Holder,omyers@example.com,"USCGC Evans
FPO AP 92285"
71,Pamela Butler,carlaramirez@example.org,"6324 Theresa Camp Suite 103
South Victorchester, VI 23754"
72,Heidi Brock,holly77@example.org,"05034 Rebecca Locks Apt. 915
Torresmouth, AS 80997"
73,Carla Mcneil,scooper@example.net,"95303 Mcintyre Flat
West Bobshire, MI 86853"
74,Barry Edwards,mckayrobert@example.com,"3407 James Springs
Owensmouth, CO 34036"
75,Catherine Sherman DDS,elizabethclark@example.com,"PSC 9743, Box 7146
APO AA 13778"
76,Becky Moore MD,shawjacqueline@example.com,"Unit 5218 Box 9745
DPO AE 46499"
77,Eric Alvarado,heather77@example.net,"7321 Johnson Mill
South Lance, NC 23733"
78,Krystal Solis,hamptondoris@example.net,"96744 Morgan Shore Apt. 809
West Taylor, KS 30966"
79,Angela Mccarthy,reynoldstiffany@example.com,"9261 Garcia Neck
Blakemouth, PA 68519"
80,Matthew Patton,davidsonjoseph@example.com,"62205 Russell Square Suite 024
Christopherview, WI 80343"
81,Jacob White,roblestimothy@example.com,"2340 Allen Hollow
Santiagoborough, DE 92938"
82,Lisa Sanchez,simpsonsteven@example.net,"69619 Ball Road
Rachelton, DE 25257"
83,Bryan Carroll,samanthagraham@example.org,"637 Williams Lane
Davidview, AZ 80862"
84,Philip Santiago,yarroyo@example.org,"Unit 7330 Box 2948
DPO AE 49043"
85,Mariah Gomez,stevenjackson@example.net,"0295 Hansen Run Apt. 921
Adamfurt, SD 51706"
86,Teresa Martin,vyang@example.org,"4145 Wolf Turnpike Apt. 654
North Moniquebury, NE 71640"
87,Scott Mccarty,robertrush@example.net,"348 Kevin Station
Lake Suzanneville, VA 72663"
88,Jonathan Brooks,christopher05@example.com,"5470 Hale Pass
Lake Donnaburgh, FL 44534"
89,Kathleen Macdonald,johnsoncynthia@example.net,"6403 Phillips Corners Suite 798
Kellyfort, RI 60952"
90,Kathleen Hoffman,brian31@example.com,"7541 Debra Fields Apt. 289
Kimberlyport, WA 80905"
91,Mark Wilson,alejandrorasmussen@example.com,"223 Anderson Turnpike
Sarachester, KY 98846"
92,Lindsey Carter,amber32@example.net,"40704 Johns Plaza Apt. 334
East Joshua, WI 27096"
93,Richard Thompson,michaelfry@example.net,"9572 Holmes Parkways Suite 714
South Cory, CT 58872"
94,Sydney Cain,melissanguyen@example.com,"28779 Porter Passage Suite 512
Stephanieport, MI 19601"
95,Alan Bailey,williamkennedy@example.com,"3573 Brady Knoll
Coreyfurt, MH 09846"
96,Mark Soto,vasquezrandall@example.org,"3422 Jennifer Row Suite 969
New Mary, GU 62935"
97,Jessica Ward,vchen@example.org,"USS Davenport
FPO AA 07388"
98,Monique Robinson,jason77@example.net,"038 Andrea Road Apt. 444
Carsonview, MI 33854"
99,Carla Hamilton,mcdonaldsean@example.net,"614 Patrick Parkway
Michaelstad, MI 13088"
100,Stephanie Hester,hubbardbrian@example.org,"USNS Cunningham
FPO AA 31759"
101,Caitlin Mcneil,wilkinsontoni@example.org,"124 Dennis Well Suite 351
Port Markfort, VT 07667"
102,Ronnie Peterson,brandonmay@example.com,"2330 Jason Stream
Tonyshire, OH 57233"
103,Luke Zhang,danielle02@example.net,"9502 Thomas Hills
Hooverside, CA 19514"
104,Derrick Patton,diane97@example.org,"10283 Jason Creek
New Lindsayberg, RI 08742"
105,Rodney Larson,davidcruz@example.org,"0473 Nicholas Plain
East Elizabeth, AK 92922"
106,Robert Dougherty,mitchellberry@example.org,"490 Paul Knolls
Port Dennischester, FL 16654"
107,Tyler Jackson,ktucker@example.net,"76239 Thompson Key
Patrickside, UT 66278"
108,Trevor Hayes,ethomas@example.net,"PSC 7371, Box 6305
APO AP 85636"
109,Andrea Cobb,jeff47@example.net,"065 Michael Manor Apt. 736
New Stephanie, PW 51064"
110,Anna Williams,ftaylor@example.org,"892 Diane Green
Port Melissaview, AK 41013"
111,Angela Mcguire,kwilson@example.com,"Unit 1156 Box 7787
DPO AP 30199"
112,Erica Key,hubbardashley@example.org,"20462 Perez Lake
West Waynebury, NE 40707"
113,Chelsea Davis,bridgeseugene@example.org,"838 Matthew Skyway Suite 762
Andreborough, TX 47989"
114,Shirley Singh,paulahernandez@example.net,"110 Amanda Divide
Lake Joyceland, ID 26981"
115,Adriana Dawson,christopher96@example.net,"06514 Gonzalez Throughway Apt. 252
Kimberlyshire, PR 27302"
116,Sarah Thompson,ggilmore@example.net,"7369 Burns Stravenue Apt. 635
Johnfurt, KY 69972"
117,Karen Garcia,murillojose@example.org,"64834 Knight Gardens
North Nicholas, OH 51442"
118,Jordan Stewart,amandabeltran@example.net,"6605 Robinson Drive Suite 191
Port Kristaland, TX 64744"
119,Rebecca Ruiz,michael67@example.org,"738 Richard Land
West Codyview, SD 58224"
120,Lauren Shannon,tbaker@example.org,"81440 King Way
Markbury, UT 47034"
121,Jo Johnson,wbrown@example.net,"22184 Casey Tunnel
West Paul, MP 00996"
122,Rodney Harmon,iowens@example.net,"725 Thomas Street Apt. 949
East Cynthiaside, AK 13562"
123,Matthew Gomez,mgonzales@example.net,"39563 Gross Valley
Scottville, LA 56980"
124,Chad Riley,kennethadams@example.net,"39512 Hill Park Suite 649
Port Williammouth, IA 29444"
125,Joshua Herrera,reillykelly@example.net,"5573 Hector Shoals Apt. 980
Larryview, RI 43445"
126,Timothy Hudson,estradabrian@example.org,"6319 Sean Drive
Lake Matthewstad, IN 69266"
127,Seth Odom,james04@example.com,"7555 Ellis Inlet
Jacobschester, AZ 59680"
128,David Moore,bstephens@example.com,"415 Copeland Via Suite 289
Timothyburgh, NJ 78703"
129,David Hull,schneiderkristine@example.com,"493 Laurie Pine Apt. 586
Rivashaven, AR 27277"
130,Nicole Mayer,nlong@example.org,"514 Anderson Green Apt. 397
Lake Frankchester, CT 18176"
131,Christina Nguyen,vfields@example.com,"680 Leah Island
Nathanmouth, PR 35107"
132,Andrew White,jturner@example.com,"012 Jessica Street
Sullivanstad, IA 12371"
133,Mrs. Natalie Williams,igriffin@example.com,"77266 Garcia Fields
Grantchester, HI 94642"
134,Sherry Reyes,griffinsusan@example.net,"0639 Jason Divide Suite 649
Nataliechester, AK 22547"
135,Nathan Browning,caleb90@example.org,"10453 Johnson Rest
Courtneyberg, NJ 83317"
136,Dylan Howe,garrisonsylvia@example.net,"7157 Brown Vista
Elliottshire, GU 46819"
137,Shannon Nguyen,tlarson@example.net,"559 Gardner Crescent Suite 412
South Robertbury, AR 80888"
138,David Bauer,christopher65@example.com,"PSC 6905, Box 5165
APO AA 00598"
139,Jeremiah Leach,emilymorrow@example.com,"770 Burke Lake Apt. 269
Powersland, TN 47463"
140,Jessica George,hkane@example.org,"27560 Kim Plain
Ewingborough, CA 48012"
141,Mrs. Leslie Delgado,pbrown@example.org,"284 Jeremy Locks
Michaelfort, IA 70127"
142,Melissa Miller,campbellmary@example.com,"0108 Carroll Common Apt. 577
New Jessica, CT 34726"
143,Scott Davis,gpatterson@example.org,"4776 Whitaker Lights Suite 749
Port Andreachester, NC 71109"
144,Todd Gonzalez,mark05@example.com,"57716 Willie Field Suite 575
East Jeremiahville, ID 80381"
145,Ronald Thomas,boydcarol@example.org,"3111 Simon Plains
Jordanbury, NM 68659"
146,Nicholas Chang,jacksonalexander@example.org,"21175 Lisa Harbor
West Maria, AK 35968"
147,Scott Ramirez,erica86@example.org,"3254 George Streets Suite 029
South Thomas, MD 45148"
148,Amanda Cole,vsantiago@example.com,"173 Sandra Cliffs Apt. 268
Connieport, OH 74893"
149,Gerald Miller,erinberry@example.com,"54179 Karl Crescent Apt. 640
Brianashire, NE 69009"
150,Tiffany Garcia,sjones@example.net,"847 Kayla Mall Apt. 387
North Rhonda, CO 82738"
151,Cynthia Hamilton,dschmidt@example.org,"15263 Deborah Key Apt. 020
New Samanthaton, ME 19262"
152,Connie Michael,michaelwilson@example.com,"PSC 2941, Box 6385
APO AE 55216"
153,Andre Simpson,ypowers@example.net,"11792 Erica Valley
South Kylebury, VI 00874"
154,James Heath,larrydaniels@example.org,"675 Kelly Hill
Adamton, NJ 52347"
155,Emily Williams,jenniferrowe@example.com,"2624 Cabrera View
Laurenfort, GA 58028"
156,Mr. Brandon Powell,catherine85@example.org,"Unit 3038 Box 7602
DPO AA 96201"
157,Barry Riley,alexjones@example.com,"404 Sophia Landing
Molinaland, NJ 76594"
158,James Newman,kaylacampbell@example.net,"53057 Simpson Crest Apt. 493
Williamschester, NM 81098"
159,Barbara Soto,regina95@example.com,"86545 Hamilton Club
Lake Tyler, SC 02648"
160,Jonathan Massey,jacob84@example.net,"08264 Tina Garden Suite 169
East Jennifer, CT 13146"
161,Stephanie Jenkins,davisrebecca@example.org,"1184 Randy Alley Apt. 538
New William, TN 79307"
162,Jill Gonzalez,cwheeler@example.org,"473 Christopher Plain
East Tinahaven, TN 77975"
163,Samuel Dillon,diana27@example.com,"212 Rebecca Rest Apt. 534
New Christopher, AS 43813"
164,Michelle Orr,jerrypierce@example.net,"9339 Mcguire Pass Apt. 447
Leemouth, DC 57699"
165,Veronica Cooper PhD,thomasgraham@example.net,"PSC 5909, Box 1120
APO AE 07646"
166,Alicia Rojas,davidcruz@example.org,"Unit 1909 Box 5835
DPO AP 86473"
167,Christopher Hahn,sabrina78@example.org,"47365 Lamb Path Suite 750
East Sara, GU 82484"
168,Cynthia Martinez,rhill@example.net,"PSC 7689, Box 3914
APO AA 51590"
169,Jessica Sanders,sgonzalez@example.net,"USNS Moss
FPO AP 06458"
170,Shane Rodriguez,christinamcbride@example.net,"62230 Raven Parkway
West Rachel, CA 38840"
171,Sherry Powell,lindapacheco@example.org,"78285 Terri Green Apt. 090
New Jenniferchester, CA 73400"
172,Joshua Foster,mcculloughkathryn@example.com,"88496 Smith Shoals
Phillipmouth, SC 34837"
173,Jacqueline Davis,yspencer@example.net,"USCGC Wood
FPO AP 01219"
174,Laura Jones,robertmorgan@example.net,"711 Price Rue
East Christopherchester, CO 34968"
175,Deborah Mooney,phillip60@example.net,"468 Johnson Stream
Lake Evelyn, UT 63434"
176,Catherine Martin,nicoleanderson@example.org,"6394 Carpenter Neck
New Jasmine, ME 11853"
177,Michael Castro PhD,myersandrea@example.org,"666 Hunter Village Suite 743
Carriemouth, WV 89662"
178,Matthew Miller,ajackson@example.net,"438 Rebekah Harbors Apt. 572
East Staceytown, KS 22107"
179,Sarah Whitehead,daniellewells@example.com,"965 Russell Track
West Abigailshire, MA 81140"
180,Elizabeth Phillips,oscar62@example.net,"USS Flores
FPO AE 20195"
181,Scott Hudson,jennifer40@example.net,"264 Christina Walk
West Kathytown, ID 81773"
182,Jennifer Wilcox,amyacosta@example.com,"395 Barker Stravenue
Vazquezport, ME 09018"
183,Nicole Duffy,elizabeth31@example.com,"88373 Dawn Drives
Williamhaven, WV 37769"
184,Alyssa Williams,ojennings@example.net,"78766 Cook Ford Suite 724
Port Tiffany, ND 19553"
185,Joe Smith,nicholas53@example.com,"851 Williams Field
South Melissaport, RI 45863"
186,Michael Mendoza,jamespittman@example.net,"45837 Taylor Street Apt. 740
Sawyerview, TX 96613"
187,Joseph Christian,mossalexander@example.net,"PSC 5803, Box 2140
APO AP 35026"
188,Heidi Robinson,donnabentley@example.org,"Unit 2635 Box 3832
DPO AE 85465"
189,Laurie Li,joshuasimmons@example.org,"40577 Francis Glen Suite 803
Meganland, CT 40680"
190,Ronald Buchanan,brownpaul@example.net,"51011 Wheeler Harbors
New Christina, CT 13555"
191,Mary Carter,anitaphillips@example.com,"816 Jennifer Plaza Apt. 316
Port Hollychester, IL 65747"
192,Peter Lopez,banksbrian@example.org,"8123 Sutton Fords Suite 062
North Stanley, PW 93011"
193,Martin Spencer,justindunn@example.org,"796 John Valley
Kennethview, OH 27542"
194,Bill Peterson,anthonyharris@example.net,"1291 Joseph Mews
Fowlerfurt, KY 70332"
195,Antonio Sandoval,kristine39@example.net,"66878 Ramirez Spring Apt. 088
South Debrahaven, WV 72053"
196,Logan Garrett,tony22@example.org,"Unit 5839 Box 9602
DPO AE 41535"
197,Tammy Allen,kadams@example.com,"46406 Sara River
Pagefurt, TN 95582"
198,Luis Thornton,alexisdalton@example.com,"3178 Jennifer Island
Weissside, IN 85712"
199,Jesse Nielsen MD,alanstrong@example.net,"567 Mccarthy Unions Apt. 800
Wardview, ME 69760"
200,Kenneth Shelton,nicholastaylor@example.net,"93039 Meadows Prairie Suite 902
South Bradleyborough, NM 80244"
201,Sara Peters,robert98@example.com,"9922 Mitchell Inlet
Lisaland, OH 03613"
202,Caleb Rodriguez,michele07@example.org,"5472 Kelly Curve Apt. 415
South Kayla, VI 98222"
203,Brad Fitzpatrick,marymitchell@example.net,"64625 Patrick Rapid Suite 190
Ballardmouth, ID 47089"
204,Keith Walters,andrearamirez@example.net,"756 John Run
Zacharymouth, IN 81470"
205,Thomas Hughes,kathryndavis@example.net,"6212 Martinez Stream Apt. 739
Lake Melissaville, VA 19815"
206,Adrienne Cohen,lisakelly@example.net,"PSC 3940, Box 3235
APO AA 24428"
207,Richard Rhodes,scott88@example.net,"PSC 5416, Box 2447
APO AE 83226"
208,Benjamin Ramsey,steve84@example.net,"53634 Kara Trail Suite 201
Arellanoside, NV 88262"
209,Robert Johnson,sarah82@example.net,"595 Guerra Loop Suite 233
South Briannaland, NE 63016"
210,Monica Fox,ncharles@example.org,"PSC 7643, Box 0079
APO AA 75549"
211,April Bishop,dhowell@example.net,"024 Watson Center Suite 539
Brandiville, MD 67301"
212,Thomas Williams,ghogan@example.net,"097 Burke Falls Suite 904
New Matthewshire, MP 19655"
213,Mary Parker,combsandrew@example.org,"PSC 0534, Box 7916
APO AP 82498"
214,Cynthia Russell,ronaldlee@example.net,"90368 Simmons Underpass
Phillipville, HI 43893"
215,James Smith,douglasanderson@example.org,"68140 Thornton Skyway
Port Annechester, AL 26095"
216,Robert Brooks,amandanelson@example.org,"74432 Lowe Radial
Anthonyview, AS 38426"
217,Adam Martinez,brownbenjamin@example.com,"23888 Thomas Underpass Suite 680
Lake Jason, SC 46214"
218,James Sanchez,vhenderson@example.org,"8789 Gay Garden Apt. 883
Grahamburgh, MT 46891"
219,Elizabeth Russell,anna02@example.org,"USS Lee
FPO AA 57426"
220,Jose Brown,ofowler@example.org,"8039 Jones Inlet
New Michelle, NY 04978"
221,Nathan Clarke,daniellerodriguez@example.org,"16758 Guerra Turnpike
Barnesville, AR 20138"
222,Victoria Price,ehubbard@example.net,"706 Amanda Roads Apt. 732
New Jonathan, NE 22056"
223,Brittany Knight,yhouston@example.com,"522 Robert Mission Apt. 792
Petersport, PA 36377"
224,Theresa Robinson,hopkinskaren@example.net,"0016 Lopez Row
Dillonfort, OK 46384"
225,Antonio Shaffer,kirkfrancis@example.org,"84999 Patty Tunnel
Justinfurt, IN 10016"
226,Brandon Harris,janetmiller@example.org,"4924 Olson Forges
Pughton, AZ 01116"
227,Samantha Harris,hannahsmith@example.net,"83279 Wilson Mountains Suite 116
Luceromouth, PR 18554"
228,Lindsey Morrison,wbarnett@example.com,"3338 Torres Common
Saundershaven, HI 36455"
229,James Davis,zburch@example.org,"401 Watts Pike Suite 834
Simsville, MH 97309"
230,Nathan Smith,adriana61@example.org,"834 Mora Junction Apt. 079
East Amanda, KY 99110"
231,Tiffany Morgan,alex71@example.com,"6829 Cook Road
New Codyborough, KS 88952"
232,Melanie Martinez,saundersbrian@example.com,"7656 Jordan Prairie Suite 461
Samanthaborough, NM 73387"
233,Caroline Cooper,bushtyler@example.net,"USCGC Anderson
FPO AP 60257"
234,Larry Alexander,lindaroberts@example.com,"133 James Garden
New James, WI 56357"
235,Chase Hull,kimberly36@example.com,"PSC 6900, Box 2252
APO AA 72016"
236,Abigail Brown,sabrinagriffin@example.com,"367 Sara Tunnel
Carrollville, MH 04617"
237,Joanne Ramsey,gutierrezjohn@example.org,"7447 Madison Trace
Walkerborough, WY 44552"
238,Jorge Osborn,ibarnett@example.net,"PSC 3452, Box 7479
APO AA 52499"
239,Andrew Roman,hpatterson@example.com,"9137 Christopher Cape
Mooreborough, MS 03399"
240,Jonathan Ayala,mejiaregina@example.net,"17650 Megan Center
Traceyside, ND 81958"
241,Jennifer Frost,smithlinda@example.org,"01867 Rachel Harbor Apt. 389
Richardmouth, MD 47481"
242,Sean Davis,antonioblake@example.org,"87708 Lee Common Apt. 909
West Christopherland, NH 56509"
243,Joshua Robinson,cartermeagan@example.com,"9790 Jo Unions Apt. 172
Port Kelly, ME 16858"
244,Matthew Ross,markperez@example.org,"263 Tiffany Court
West Amandastad, KS 83465"
245,Crystal Guerra,jenniferwhite@example.com,"110 Richard Crest
South Valeriehaven, WY 09005"
246,Courtney Robbins,andersonjohnny@example.org,"345 Tamara Via Suite 659
Jeffreyshire, NM 67896"
247,Corey Harris,harrismariah@example.net,"PSC 3306, Box 6660
APO AP 71127"
248,Beth Mccormick,robert32@example.org,"99830 Danielle Keys Apt. 472
New Randallburgh, WA 14140"
249,Michele Walker,jeffreybrown@example.net,"2464 Simpson Mountains Suite 392
Lake Arthurmouth, SD 72044"
250,Jesus Herman,jacksonbrett@example.org,"3182 Donna Points Apt. 208
West Roberttown, SD 97747"
251,David Parrish,frankhudson@example.com,"37732 Coleman Crescent
North Lindsay, CT 89716"
252,Peter Robles,erin15@example.org,"8618 Hahn Crossing Apt. 100
Jeremyview, MH 79604"
253,Sheila Carpenter,jessica98@example.org,"2406 Jack Port Suite 381
Evanstown, DC 88137"
254,Andrew Smith,ashley14@example.net,"05509 Randy Mountain
Rachelmouth, NY 31899"
255,James White,mollyfuller@example.com,"136 Brianna Ridges
Arianaville, AZ 88633"
256,Jose Torres,rachelsawyer@example.com,"5682 John Point Suite 957
Lake Charlesburgh, MN 38462"
257,Diane Perez,econrad@example.net,"44027 Thompson Station Apt. 210
Lake Karen, FL 17066"
258,Jill Love,pamelabrown@example.net,"12807 Page Plains Apt. 023
Coxburgh, NH 73402"
259,Amy Fletcher,anthony02@example.com,"32423 Martin Point
West David, WI 50756"
260,Ellen Farmer,cgonzales@example.net,"17551 Patel Mission Apt. 598
Johnsonbury, IA 12872"
261,Christopher Ramirez,uspears@example.net,"95354 Vasquez Loop Apt. 424
Port Nancyside, DE 20048"
262,John Huber,angela39@example.org,"0988 Ross River
Weberstad, VI 31562"
263,Melinda Cochran,roachcathy@example.org,"5886 Griffin Rapids
South Noah, KS 35062"
264,Charlotte Thompson,stephanie42@example.org,"77117 Winters Oval Apt. 363
East Cindyville, WA 23943"
265,Melinda Hobbs,kevingreen@example.net,"06438 Miller Center
Alvarezfort, CA 39328"
266,Christopher Graham,taylorhahn@example.net,"832 Kaitlin Station Suite 339
East Lindafurt, IA 30899"
267,Jeremiah Buchanan,kristopherwalker@example.net,"27662 Snow Forge Apt. 955
West Jessica, WA 70268"
268,Angela Daniel,lramos@example.org,"29184 Albert Run
Evansburgh, AR 16008"
269,Todd Morgan,ctaylor@example.net,"437 Hart Cliffs Apt. 673
Blackside, FM 17682"
270,Claudia Williams,manuel12@example.com,"87356 Maria Squares
West Jessica, PR 99308"
271,Kathleen Thomas,hortonnathan@example.com,"7159 Mark Brooks
Port Jeffreyborough, DC 69550"
272,Patrick Aguilar,ibriggs@example.net,"5785 Ewing Garden Apt. 300
North Elizabethtown, ME 63974"
273,Gregory Smith,guzmanbrenda@example.com,"666 Bright Highway Suite 657
Danielberg, MA 07586"
274,Robert Lopez,longkenneth@example.net,"Unit 7012 Box 0251
DPO AA 95242"
275,Kelly Bradley,michael64@example.org,"419 Miller Mountain
Simsside, OR 14019"
276,Larry Rojas,robin99@example.com,"477 Aguilar Pines Apt. 170
South Christina, KY 45624"
277,Mary Kerr,rebecca62@example.org,"6283 Keith Corners
South Dawn, AZ 17666"
278,Victoria Hughes,lawrencepeterson@example.net,"PSC 6816, Box 6467
APO AE 62740"
279,Erin Howard,xpruitt@example.com,"9579 Jacob Wells Apt. 274
Elliottstad, KS 68819"
280,Timothy Bradford,nday@example.net,"703 Foster Lodge Apt. 361
Meganhaven, CO 44435"
281,Rodney Herrera,moranjanice@example.net,"3981 Cooke Street
Martinfurt, AS 09617"
282,Anthony Bennett,michael50@example.net,"308 Michael Greens
Lake Michelle, MO 77157"
283,Brittney King,anthony37@example.com,"6267 Turner Crest
Chelseabury, GA 71299"
284,Gabriella Holland,elizabethconrad@example.net,"003 David Flats
Kimberlyport, HI 91717"
285,Zachary Giles,panthony@example.org,"Unit 7065 Box 9887
DPO AE 83233"
286,Anthony Richards,paulparker@example.org,"084 Allen View Suite 094
Powellhaven, DC 17861"
287,Elizabeth Fisher,blackburnjocelyn@example.net,"204 Karen Port Apt. 525
Santiagoview, RI 05491"
288,Sherry Alvarez,deborah13@example.org,"9449 Spence Green
New Taylor, OH 12179"
289,Jeffrey Espinoza,frazierrobert@example.org,"946 Howe Springs
Matthewsview, AZ 38089"
290,Patrick Gardner,boydpaul@example.net,"47933 Keith Greens
East Joseph, MS 31194"
291,Donald Walters,iscott@example.com,"1164 Richard Heights
Donaldville, KY 40555"
292,Nicholas King,robertbrown@example.com,"62776 Taylor Landing Apt. 656
West Maryshire, VA 29193"
293,Jason Simpson,williamlewis@example.com,"USCGC Evans
FPO AP 39368"
294,Cesar Steele,sean57@example.com,"0842 Eric Loop
Wrightbury, WI 80015"
295,Maria Hill,dwilliams@example.org,"55178 Michelle Alley Apt. 555
North Melissa, SC 03672"
296,Linda Henry,christian56@example.net,"33082 Hernandez Valley
Donaldchester, CT 13512"
297,Mary Davis,riggswilliam@example.com,"79527 Ryan Rue
North Angelafurt, MI 49448"
298,Kimberly Taylor,smithjacob@example.net,"Unit 4619 Box 0796
DPO AE 54194"
299,Joanne Richardson,edwardgardner@example.com,"611 Christopher Coves
New Autumnfurt, MP 43838"
300,Nathan Watson,wayne04@example.org,"9511 Koch Turnpike Apt. 519
Johnton, KY 48235"
301,Daniel Chavez,smithaaron@example.net,"8827 Coleman Square Suite 710
North Hollyhaven, MO 72758"
302,John Moore,stephen86@example.org,"08855 Jackson Circles
Gregorychester, WA 95232"
303,David Smith,jordanwilliam@example.net,"39040 Turner Causeway Apt. 749
Cartermouth, WV 39093"
304,Raymond Villarreal Jr.,allensean@example.com,"2932 Daniel Walks
Richardstad, ME 57894"
305,Jessica Davis,fwalter@example.org,"Unit 6681 Box 7200
DPO AA 36162"
306,Kristin Russell,gregory29@example.com,"2753 Watkins Passage
Valdezfort, RI 80515"
307,Lisa Johnson,jenna18@example.com,"Unit 1597 Box 7147
DPO AE 90950"
308,Stuart Hall,charlesmorris@example.org,"1365 Cameron Roads Apt. 460
Howellfort, NV 10297"
309,Kimberly Phelps,samanthaharris@example.net,"372 Kenneth Points Suite 021
Blackville, NJ 05985"
310,April Keller,zmurray@example.com,"714 Jason Pike
Port Markfort, NV 35257"
311,Marc Williams,adamssherry@example.org,"9045 Farley Shoal
Robertville, KY 32884"
312,Matthew Black,amy29@example.net,"649 Julia Shoals
Davidton, DC 83293"
313,Gerald Williams,danielharris@example.com,"Unit 4378 Box 8784
DPO AE 50423"
314,Melissa Hahn,anamichael@example.net,"56611 Brooks Island Apt. 545
North Ashleyside, RI 44093"
315,Jake Potts,peterfuller@example.net,"305 Myers Shoals
South Janethaven, FM 66679"
316,David Valdez,dunnkrista@example.net,"612 Mason Brooks Apt. 566
Port Kristentown, FM 97755"
317,Jessica Hendrix,jonathanmartin@example.net,"071 Daniels Passage Suite 969
Sharonfurt, RI 51393"
318,Stephanie Moreno,tyler70@example.net,"938 Darren Harbors
North Jamieburgh, PW 86294"
319,William Shaffer,timothy68@example.org,"393 Roman Terrace Apt. 246
Davisfurt, PW 61844"
320,Karen Powell,royjessica@example.com,"46371 Brooks Inlet Suite 538
West Sharon, GU 15870"
321,Brenda Cunningham,stevensjenna@example.net,"79865 Perez Station
West Williamburgh, CO 67300"
322,Erica Hernandez,jamie61@example.net,"8644 Sanders Mission Suite 451
Randyside, NM 56122"
323,David Torres,xbright@example.com,"478 Miller Valley Apt. 261
Roberttown, IA 09583"
324,Nicholas Fletcher,etaylor@example.com,"86182 Matthew Parks
Brownside, MO 54560"
325,Jennifer Owens,roachhoward@example.net,"27130 Sims Shore
Flemingburgh, PW 63456"
326,Christopher Ramsey,nataliesalazar@example.net,"62008 Curtis Gardens
East Adriennemouth, NC 36177"
327,Sierra Stevens,frazierarthur@example.net,"USNS Vazquez
FPO AP 95831"
328,Jason Hunt,montgomerywendy@example.org,"PSC 8652, Box 9492
APO AE 90552"
329,Karen Butler,dschwartz@example.com,"9834 Cummings Valleys
Brandonstad, ME 32122"
330,Lisa Moore,martinthomas@example.org,"5708 Justin Crescent Apt. 282
Whiteshire, IN 47718"
331,Robert Schultz,arose@example.net,"9657 Bell Motorway Apt. 195
Dorseyview, WI 24858"
332,Madison Powell,ecruz@example.org,"61869 Robert Union
Lake Tiffanychester, GU 22503"
333,Annette Cooper,millermolly@example.org,"311 Warren Trafficway Suite 742
Jessicastad, TX 61912"
334,Stephen Wood,vgarcia@example.org,"PSC 0694, Box 8966
APO AE 57074"
335,David Castro,mcooper@example.net,"Unit 9402 Box 5279
DPO AE 97989"
336,Deanna Davis,samantha15@example.net,"7413 Duncan Neck
Jesseburgh, HI 70462"
337,Kevin Shaffer,storres@example.org,"08963 Larry Canyon Suite 437
Jessicahaven, WY 02293"
338,Teresa Johnson,gtodd@example.com,"285 David Loop
Reginamouth, NJ 85025"
339,Joshua King,elizabethkennedy@example.net,"08710 Gregory Fork Apt. 610
East Jeffrey, VA 36074"
340,Sylvia Spencer,ronald48@example.net,"42195 Hayes River Apt. 650
South James, HI 23888"
341,Madison Miller,jordanaaron@example.net,"1626 Wiggins Ways Suite 850
Davidside, NY 60241"
342,Lori Bowman,aguilartamara@example.net,"Unit 6017 Box 6394
DPO AA 16308"
343,Eugene Valenzuela,makayla42@example.com,"Unit 9937 Box 5922
DPO AA 52364"
344,Nancy King,millerjennifer@example.net,"2707 Christina Green Apt. 282
West Phillip, MH 65295"
345,Tommy Watson,johnsonsonia@example.com,"03134 Obrien Extensions Apt. 518
South Andrea, NV 45047"
346,Alyssa Williams,jeanneryan@example.com,"96648 Kline Terrace
New Michael, TN 37332"
347,Heather Hernandez,pscott@example.org,"7286 Rich Trace
Port Meghan, MO 69799"
348,Danielle Ramirez MD,greenejoshua@example.net,"47140 Cynthia Turnpike
Kathleenland, IL 80470"
349,Jerry Lamb,sonia79@example.net,"7370 Amanda Prairie
South Teresa, FL 22663"
350,Patrick Phillips,justin02@example.net,"162 Michael Island Suite 052
Lake Christopherchester, NH 18063"
351,Katherine Lambert,vgamble@example.org,"36845 Parks Ranch
Port Amandaside, MN 78780"
352,Raymond Bowman,walkerchristopher@example.net,"PSC 0140, Box 8487
APO AE 05082"
353,Jennifer Chapman,jessicaroberts@example.net,"31062 White Ways Apt. 209
Campbellland, OR 94309"
354,Heidi Galloway,atapia@example.net,"28333 Gibson Plain Suite 783
Lisastad, LA 80757"
355,Jeremy Brown,erikford@example.org,"6579 Herbert Ranch
South Annamouth, MO 65840"
356,Tammy Vaughn,toni47@example.com,"PSC 4379, Box 2601
APO AE 92019"
357,Brian Bowers,omyers@example.com,"06245 Sherman Turnpike
Lake Paulview, ID 45045"
358,Kevin Montgomery,melissaking@example.net,"303 Vasquez Prairie Suite 577
Nelsonberg, CT 17799"
359,Desiree Hernandez,jessica24@example.com,"0791 Abigail Tunnel Suite 889
Wolfberg, WA 21282"
360,Marie Olsen,joditodd@example.org,"21903 Burns Ways
Rodneybury, RI 96213"
361,Randy Martin V,efreeman@example.org,"267 Lawson Ramp
Buchananton, MO 26103"
362,Miranda Ortiz,amy03@example.com,"0719 Sanders Parkways
Yubury, TX 68328"
363,Terri Tucker,flemingemily@example.com,"233 Geoffrey Manors Apt. 624
Rebeccaport, MT 49141"
364,Oscar Gentry,deborahbrown@example.org,"544 Samuel Trail Apt. 550
Chaneyshire, WI 52709"
365,Jennifer Banks,ericamarquez@example.net,"71180 Torres Station
Clarktown, NC 84445"
366,Stacey Davis,powelljeremy@example.com,"PSC 8638, Box 3703
APO AP 06786"
367,Carmen Caldwell,beth00@example.com,"21221 Hawkins Rue Apt. 415
North Sean, FL 96640"
368,Kimberly Rodriguez,castroteresa@example.org,"6431 Alicia Shoal Apt. 348
Port Stacychester, OH 51538"
369,Amy Roman,lisa35@example.org,"433 Herrera Rapid Apt. 842
Latoyafurt, VT 26954"
370,Victoria Morgan,martineznicholas@example.net,"33904 Connor Forks Apt. 824
Lake Thomas, AS 11676"
371,Melissa Brown,lewisangela@example.org,"341 Castillo Pike Suite 248
Port Jeffreyhaven, GU 17210"
372,Melanie Collier,perezpaul@example.org,"PSC 9086, Box 3853
APO AP 37970"
373,Daniel Young,qedwards@example.net,"0855 Luke Greens Apt. 106
Madisonshire, NC 17783"
374,Chris Barnett,fletchermary@example.net,"44264 Cohen Islands
New Markmouth, NH 24196"
375,Carrie Murillo,jim30@example.org,"019 Novak Rue Suite 942
Clarkside, VA 54996"
376,Shaun Schwartz,charlesaustin@example.net,"952 Grant Mews Apt. 470
South Sonya, AZ 46790"
377,Andrew Gordon,odavis@example.net,"58746 William Brook
Griffinport, KS 27353"
378,Sarah Wilkins,chaas@example.net,"397 Stephanie Views
Jayport, NY 43734"
379,Mary Fuller,bowens@example.org,"USNV Brooks
FPO AA 13120"
380,Diane Lyons,kenneth59@example.com,"34669 Carter Isle
East Tara, PW 58435"
381,Crystal Baker,russellbrad@example.net,"20966 Reed Roads Apt. 686
East Davidmouth, NJ 64609"
382,Heather Thomas,davismaxwell@example.net,"8429 Coleman Spurs Suite 845
South Shawnside, NC 95335"
383,Caitlin Ross,muellerrachel@example.net,"0372 Adam Islands
West Jacqueline, NE 95084"
384,Jack Wilson,brianaalexander@example.com,"0067 Byrd Knolls
Port Michelle, VA 94735"
385,Jonathan Kirk,zbriggs@example.com,"99619 Debra Mission Suite 336
Jesseside, IA 26179"
386,Ralph Quinn,daviskeith@example.net,"Unit 4501 Box 3994
DPO AE 81446"
387,Mary Coleman,nicolewade@example.net,"1460 Kurt Shoal
Petersenview, IL 63365"
388,Christian Shannon,james56@example.org,"85706 James Spur Suite 056
West Melanie, NJ 74766"
389,Corey Brown,bishopjean@example.net,"80521 Laura Pine Apt. 448
North Tiffanyburgh, PA 62573"
390,Justin Riley,anthony89@example.org,"19304 Elizabeth Coves Apt. 191
West Matthewberg, NE 75802"
391,Crystal Solomon,amberross@example.org,"15506 Sandra Motorway Suite 897
Johnsonhaven, VT 35391"
392,Mrs. Kelly Garcia MD,andrealopez@example.com,"904 Johnson Hill
Lake Brandon, MD 06085"
393,Samantha Weiss,ncoleman@example.net,"7799 Lindsey Trafficway Apt. 177
West Scott, PW 26112"
394,Jay Cardenas,jamesgordon@example.net,"9559 Jeremy Ridges
North Rhonda, WI 44851"
395,Brandi Wilson,edwardsanthony@example.net,"568 Mary Overpass Suite 577
Craigville, NY 27875"
396,James Pennington,sgarcia@example.org,"16508 Michael Orchard
Petersenchester, SC 90461"
397,Douglas Webb,elaine01@example.net,"74731 Nicole Circles Suite 879
Lake Mary, MP 81224"
398,Paul Mcgrath,mitchellerickson@example.com,"USNV Cannon
FPO AA 52612"
399,Tammy Herrera,jeremy17@example.com,"691 Sullivan Cliff
North Roberto, NV 27820"
400,Miss Candice Smith,pburton@example.com,"1553 Wright Vista Suite 394
East Debra, TX 93535"
401,Joshua Meyers,robertmorales@example.org,"9062 Klein Tunnel
Joelbury, NE 98082"
402,Craig Reed,cynthiaayala@example.com,"76809 Cummings Underpass
Gravesview, UT 29107"
403,Abigail Coleman,zanderson@example.com,"417 Jones Haven Apt. 666
Stephanieport, NJ 39127"
404,Chelsea Wright,williamhernandez@example.org,"874 Campbell Isle
New Michelle, KS 14180"
405,Benjamin Preston,ibailey@example.com,"04981 Kara Rapid Apt. 311
Jorgeshire, MD 39330"
406,Valerie Peters,kim44@example.org,"4077 Bell Shore Suite 548
New Karenfurt, MT 15704"
407,Robert Henderson,sanderskatie@example.net,"16451 Williams Shoals Suite 661
Williamland, MO 86353"
408,Christopher Meyer,dixongary@example.com,"85679 Eugene Way
New Markfurt, MI 10001"
409,Jose Gibson,dawnwilliams@example.org,"4813 Kristen Ports
Lake Sherryshire, NY 59549"
410,Christopher Williams,shepardmichele@example.net,"16273 Brandon Shores
Gregoryton, PA 36032"
411,Michelle Melton,nunezjustin@example.com,"329 Perkins Curve
East Steven, FM 12352"
412,Kim Fuller,matthew01@example.net,"129 Coleman Canyon Suite 759
Hoberg, FM 83113"
413,Ryan Malone,hardychristina@example.net,"23824 Ingram Mission
Princeland, MN 32383"
414,Mr. Jeremy Johnson,zsmith@example.org,"79619 Zhang Corner
East Denise, WA 99175"
415,Karen Ross MD,amysanchez@example.com,"Unit 8792 Box 2604
DPO AA 54337"
416,Elizabeth Parker,qrogers@example.org,"2982 Vaughn Gateway
Garrettberg, PR 37240"
417,Erika Schultz,cduke@example.com,"501 Dawn Ramp
West Theresa, NH 22940"
418,Sarah Franco,ywashington@example.org,"3137 Shane Forges
Port Roberto, GU 08799"
419,Michael Anderson,tyler98@example.org,"572 Brown Dale Apt. 390
North James, CT 70905"
420,Nicholas Robinson,butlergregory@example.org,"197 Navarro Loop
Hartton, ID 90299"
421,Erik Duncan,leslie33@example.org,"3648 Alison Cliffs
South Randallborough, FM 79827"
422,Daniel Nichols,matthew28@example.net,"28045 Jonathan Way
Banksmouth, TN 35951"
423,Jennifer Soto,hfarrell@example.com,"0365 Haley Lodge Apt. 077
South Justinville, GA 64554"
424,Christine Brewer,psmith@example.com,"9994 Clark Ville Suite 953
Port Joshuaburgh, AS 91974"
425,Tonya Becker,wallacebenjamin@example.net,"325 Chaney Ports Suite 511
South Robertville, AZ 08824"
426,Richard Wilson,kristin00@example.com,"672 Amber Hills Apt. 066
North Jessica, MS 94087"
427,Katie Nixon,millerdwayne@example.com,"3896 Bailey Estates
New Emily, AZ 99331"
428,Timothy Garcia,bpineda@example.com,"6658 David Trace Apt. 033
East Laurenfurt, IN 43652"
429,Joseph Baker,jenniferlarsen@example.org,"376 Erin Cove
Williamsside, VA 06865"
430,Reginald Ramirez,taylorthomas@example.com,"USNV Peters
FPO AP 49009"
431,Jill James,patrick03@example.org,"3491 Louis Summit Apt. 312
Davidville, NY 11299"
432,Monica Cuevas,bradleykelsey@example.org,"321 Robert Overpass Suite 393
North Michaelstad, AZ 96760"
433,Robert Armstrong,kathryn42@example.com,"912 Conrad Islands Apt. 234
Lake Elizabeth, CT 67396"
434,Mr. Craig Daniels,longmichael@example.net,"913 Salazar Crossroad
West Alexischester, SC 76142"
435,Adam Mcintyre,grayemily@example.net,"02683 Jason Parkway
Jonesland, NE 90660"
436,Ricardo Rose,iwilliams@example.com,"817 Wheeler Parks Suite 271
New John, KY 85781"
437,Shari Bennett,brownangelica@example.com,"168 Schneider Gardens Suite 639
Alexanderberg, DE 04576"
438,Caitlin Turner,robersonaustin@example.net,"1107 Jean Pines
Alicemouth, LA 38787"
439,Bridget Moses,gomezlinda@example.com,"2767 Gerald Ford Apt. 535
Humphreymouth, CA 10752"
440,Stephen Garcia,scott35@example.net,"260 Andrew Mill Apt. 343
East Jonathan, NJ 04782"
441,Laura Rodriguez,denise00@example.com,"5581 Laura Knoll
Matthewburgh, SC 16883"
442,Anthony Johnson,pattersoncarl@example.org,"63223 Susan Key Apt. 156
Port Johnfort, FL 37174"
443,Travis Hall,wmartinez@example.com,"936 Thomas Locks Apt. 302
Tonyaborough, MP 51812"
444,Wendy Stark,nancybrown@example.net,"865 Charles Orchard
Port Doris, MD 25482"
445,Steven Bennett,vgarcia@example.net,"004 Zachary Groves Apt. 122
New Kimberly, NC 57130"
446,Roberto Franklin,martinamber@example.com,"551 Brandon Inlet
West Douglas, MP 13693"
447,Scott Wiggins,pvaldez@example.org,"67184 Fisher Neck
Port Toniville, AZ 27357"
448,Amy Edwards,thompsonbrian@example.net,"8652 Chase Isle Suite 719
Espinozafurt, DE 66091"
449,Brendan Diaz,amber86@example.net,"16730 Garza Ramp Apt. 523
South Richard, DC 62373"
450,Lori Peterson,ewingjason@example.com,"5784 Mosley Plains Apt. 007
West Elizabethmouth, KS 23727"
451,Richard Taylor,uarnold@example.com,"56952 Soto Rapids
Benderberg, VT 64246"
452,Patricia Williams,rsims@example.com,"4783 Christopher Groves
West Stevenside, OK 33544"
453,Jared Nguyen,hoffmanrichard@example.com,"7874 Suarez Oval Apt. 493
North Nicholashaven, MI 76589"
454,Michelle Boyd,beckertammy@example.com,"59728 Myers Spring
North Amber, MO 15341"
455,Bridget Anderson,vcampbell@example.org,"306 Johnson Land
North Michaelview, ME 89648"
456,Cory Caldwell,johnwatson@example.com,"3800 Corey Light Apt. 382
Isaacmouth, OK 98217"
457,Richard Wilson,danielkaufman@example.org,"361 John Stravenue Apt. 340
North Eduardomouth, AZ 38431"
458,John Fernandez,aortiz@example.org,"PSC 8461, Box 7459
APO AA 63861"
459,Jane Roberts,frankramirez@example.org,"76513 Glenn Viaduct
Robinsonstad, DE 30734"
460,Allison Dixon,bmiller@example.org,"6282 Rodriguez Fords Suite 040
Port Whitneyshire, RI 62030"
461,Stephanie Trevino,bruceclarke@example.net,"130 John Rue
Lake Carlosberg, MH 97592"
462,Christopher Lewis,heather70@example.com,"43309 Nguyen Ridge
South Kimberlyport, CA 98025"
463,Raymond Gonzales,josephcaleb@example.net,"471 Cynthia Mountains
East Jamesburgh, UT 70278"
464,Daniel Benitez,brownmichael@example.net,"Unit 0768 Box 5407
DPO AA 45493"
465,Jodi Hancock,shelleychung@example.net,"601 Brent Mills
Sarahville, ME 57288"
466,John Mullins,marthajacobs@example.com,"PSC 0027, Box 1414
APO AP 47671"
467,Kristin Shepherd,rsoto@example.net,"USS Downs
FPO AP 52705"
468,Thomas Price,jenniferharvey@example.org,"048 Samantha Squares Apt. 364
Reynoldshaven, MD 31478"
469,Raymond Martinez,yolandaramirez@example.net,"947 Meyer Cove Apt. 173
Emilyport, GA 79903"
470,Denise Lowe,egates@example.org,"2694 Mary Spur
New Kevinberg, KY 24318"
471,Victoria Morales,smalljasmine@example.org,"434 Taylor Meadows
North Christinaborough, CO 50181"
472,April Ward,ashley66@example.com,"01131 Taylor Roads
Williamsberg, SD 40544"
473,Kara Mcdonald,kkemp@example.net,"8075 Hernandez Rest Apt. 563
Melissaview, ID 14337"
474,Jeffery Tucker,robertsuarez@example.net,"49488 Tate Glen Apt. 981
South Karen, NE 67178"
475,Tyrone Foley,gbrown@example.org,"08912 Elliott Square
West Susanton, MI 71923"
476,Joe Ramirez,matthew67@example.com,"29954 Parker Key Apt. 131
Wrightbury, IL 65569"
477,Jordan Brown,paul80@example.net,"96036 Sutton Lake Apt. 315
East Alexanderborough, NY 20472"
478,Juan Nelson,jon23@example.net,"117 King Terrace Suite 382
Thomashaven, ME 63861"
479,Diana Horn,david34@example.com,"06910 Rodriguez Common Suite 139
East Deborah, SD 77456"
480,Anthony Ramirez,yhamilton@example.org,"0560 Walker Stream
Lake Elaine, NV 46021"
481,Sheila Kim,vanessakeith@example.org,"0672 Kelly Spring
Port Brian, NY 77404"
482,Tina Krause,michelle41@example.org,"9298 Robert Field
Gordonview, MH 59999"
483,Hannah Rojas,suzannefrancis@example.org,"934 Brown Trafficway
Keithstad, GA 98445"
484,Caleb Peterson,larryjones@example.com,"06378 Ray Forge
Lake Jamie, AS 09102"
485,Sarah Jones DDS,amy96@example.com,"21261 Tina Curve Apt. 335
East Heather, OH 68679"
486,Mark Bailey,dperez@example.com,"5849 Michael Tunnel Suite 198
Jonborough, DC 63224"
487,Lauren Arellano,holtjean@example.com,"2653 Jessica Alley
Briannaside, TN 49512"
488,Ryan Pineda,martindorothy@example.net,"PSC 2889, Box 2470
APO AE 35991"
489,Shelly Mendoza,melissa44@example.org,"34346 Schneider Mountains
East Traceyton, RI 46131"
490,Ryan Jones,nicolesimpson@example.org,"PSC 8700, Box 8823
APO AP 07659"
491,Mariah Lambert,carpenterjesse@example.com,"8806 Diane Meadows Suite 050
Nixonview, AK 68580"
492,Olivia Morgan,michael72@example.org,"26077 Stanley Harbor
East Zacharyside, AL 79084"
493,Brian Rojas,allennicole@example.org,"902 Patrick Village
Clarkport, PR 36514"
494,Eric Lang,ljackson@example.org,"457 Mark Mills
Jessicahaven, WV 84834"
495,Michelle Lara,david67@example.org,"20264 Rollins Passage Suite 036
Lake Kimberly, SC 24057"
496,Timothy Smith,kimberlyrandall@example.org,"9416 Cooper Mission Suite 054
Alexanderbury, NM 21754"
497,Katelyn Lewis,nelsonluke@example.net,"USNV Holmes
FPO AA 74427"
498,Timothy Thomas,cblack@example.net,"Unit 9737 Box 4531
DPO AE 90684"
499,Sophia Williams,smithdavid@example.com,"31781 Jones Meadows
South Matthew, NC 67206"
500,Mr. Timothy Martinez,janetgraves@example.net,"1779 Meghan Road Suite 362
East Edward, IL 98921"
501,Renee Davis,zramirez@example.com,"5483 Randy Cape Suite 391
West Bryanmouth, NH 87372"
502,Meghan Ray,brianlane@example.com,"1080 Banks Expressway
Foleyside, NJ 06747"
503,Jennifer Johnson,xdeleon@example.org,"USNV Dunn
FPO AA 21462"
504,Timothy Norman,valerie71@example.org,"781 Tony Lane Suite 227
Westfurt, DC 01503"
505,Jeffrey Richardson,isnyder@example.org,"217 Flores Roads
North Sarahside, WV 09641"
506,Jennifer Long,lewisaaron@example.com,"PSC 6934, Box 8152
APO AP 71630"
507,Carla Silva,amymorales@example.org,"6723 Anna Knoll
South Meghan, MD 61346"
508,Lorraine Todd,swansonmichelle@example.org,"Unit 9915 Box 1640
DPO AA 74248"
509,Tyler Williams,faithelliott@example.org,"691 Dawson Port
West Dustinfurt, AS 06312"
510,Lauren Galvan,garciaalice@example.com,"660 Harrington Dam
East Rachaelton, NH 04631"
511,Jason Nunez,michaelzimmerman@example.org,"0134 Michael Plaza Suite 562
South Michellemouth, CA 28971"
512,Emma Armstrong,henrycordova@example.org,"45439 Washington Port Suite 612
Ericshire, DE 28892"
513,Robin Carr,tcochran@example.net,"52860 Morales Circles
Coryborough, MS 96929"
514,Mark Wells,jonesdenise@example.org,"001 Hoover Trace
Johnville, WV 18476"
515,Charles Hebert,thill@example.com,"7184 Garcia Springs Suite 373
Clarkeberg, SD 01182"
516,Rodney Mitchell,james74@example.net,"697 Stephanie Keys
Collinsland, MP 05120"
517,Bryan Berry,pittsjohn@example.com,"USS Murray
FPO AA 11874"
518,Anthony Gibson,gregory12@example.net,"546 Lewis Freeway Apt. 659
West Rachel, MO 66043"
519,Amy Maxwell,daniel50@example.org,"PSC 2023, Box 6038
APO AE 56757"
520,Megan Faulkner,gravesalyssa@example.net,"880 Thomas Islands
Manningshire, CA 86313"
521,Pamela Barry,gdeleon@example.net,"658 Jessica Ford
South Peggyberg, DE 50771"
522,Jennifer Baldwin,jeffrey37@example.org,"38938 Curtis Keys
South Patricia, IL 33789"
523,Cheryl Ray,alexanderbrandy@example.org,"61314 Marie Hill Apt. 989
Barnesstad, FM 12079"
524,Lydia Jones,idiaz@example.org,"Unit 0829 Box 0740
DPO AA 32896"
525,Troy Winters,richard47@example.net,"854 Wesley Curve
South Tracieview, PA 29635"
526,Sara Washington,davenportjeffrey@example.org,"01076 Berry Port
West Crystalside, GA 55843"
527,James Henderson,lindsay08@example.org,"630 Lyons Village
Lake Patrick, KY 39467"
528,Derrick Simmons,qclarke@example.com,"PSC 6983, Box 3898
APO AA 01505"
529,Brandon Wright,wagnerderrick@example.com,"PSC 5377, Box 8878
APO AE 33575"
530,Jordan Patton,blakeryan@example.com,"5838 Olson Turnpike
Laurietown, AS 91746"
531,Patrick Patton,abigailaustin@example.com,"6999 Sharon Junction Suite 521
Murrayville, CO 60960"
532,Jacob Cunningham,samuel49@example.org,"765 Stephanie Rapids
Lake Nicolebury, NM 36370"
533,Jason Fox,comptonlisa@example.net,"84351 Robert Prairie Suite 712
East Tabithaview, VI 03724"
534,Dustin Jones,tommy91@example.org,"7924 Tanya Camp Apt. 303
Danielfurt, DE 87476"
535,Angela Hunt,jenniferhughes@example.org,"32703 Harper Streets
East Sherrihaven, PR 12771"
536,Jacob Simmons,pcooke@example.org,"055 Laura Ports Apt. 016
West Joshua, WI 05661"
537,Mason Fisher,jennifer96@example.com,"PSC 1895, Box 1317
APO AE 95026"
538,Jennifer Tapia,linda66@example.net,"585 Wilson Forks Suite 536
West Jenniferfort, CO 08295"
539,Sara Joseph,meganyoung@example.com,"5512 Kaitlyn Coves
East Christopherside, SD 55535"
540,Stacie Walters,iarellano@example.net,"619 Bauer Circle
New Michael, WV 69332"
541,Harold Odonnell,marcia78@example.com,"27923 Diane Camp Suite 802
South Shaun, NE 19288"
542,Jason Rios,collinsalexandra@example.com,"75424 Figueroa Common
Port Jeremyfurt, OH 35930"
543,Lori Smith,johnsonmiranda@example.com,"33819 Katherine Shore Apt. 708
East Meagantown, NE 38677"
544,Tara Johnson,holmesmatthew@example.net,"14833 Kelly Ridges
West Andrew, NJ 23585"
545,Christina Mitchell,austinclark@example.org,"9742 Virginia Rest Apt. 647
Johnsonview, VT 90023"
546,Richard Wright,hodom@example.net,"90277 Moon Station Apt. 478
Osborneton, DC 41621"
547,Patty Edwards,sanchezalicia@example.com,"42610 Rivera Garden Suite 375
Gallegosview, MT 76052"
548,James Spencer,winterskenneth@example.com,"2490 Martinez Club Suite 988
Pamelaberg, IL 14244"
549,Eric Mccarthy,catherine82@example.org,"28562 Gonzales Landing
East Nicholasfort, HI 54617"
550,Alexa Tran,ronaldpalmer@example.org,"19978 Mitchell Circle Suite 331
New Kevin, CO 01971"
551,Marisa Rich,djohnson@example.net,"3665 Leon Pike Apt. 301
Mooremouth, FM 35725"
552,Candice Chavez,bergrachel@example.com,"USNV Gonzalez
FPO AE 32358"
553,Mr. Matthew Gray MD,julia54@example.net,"PSC 0197, Box 4724
APO AA 84489"
554,Jeremy Wood,lindaberry@example.com,"8927 Rush Crossing Suite 797
North Bryan, ME 70558"
555,Jonathan Owen,gentrytyler@example.net,"68520 Bailey Cove
Port James, GU 62678"
556,John Allen,dennissarah@example.net,"USNS Hernandez
FPO AA 79258"
557,Lance Stewart,lauraholder@example.com,"36532 Christian Gateway Apt. 166
West Alexshire, AS 03159"
558,John Ramos,morgan00@example.com,"18862 Mann Throughway
Loriton, UT 68249"
559,Shawn Watts,ljenkins@example.net,"PSC 8322, Box 2637
APO AA 35286"
560,Peter Gonzalez,maurice50@example.com,"958 Gutierrez Unions
Moralesmouth, VI 06447"
561,Paul Smith,bellsydney@example.org,"Unit 5296 Box 6162
DPO AE 64181"
562,Jeremy Williams,patricksoto@example.net,"3189 Roberto Valleys
New Richardburgh, PW 16049"
563,Nicole Blackburn,gary21@example.net,"715 Vincent Road Apt. 376
Mcmahonmouth, WI 41517"
564,Sarah Delgado,roweanita@example.net,"83263 Christopher Key
Wrightside, KS 44635"
565,Matthew Ramsey,stevensderek@example.net,"701 Yvette Underpass Apt. 809
Phamhaven, SC 14418"
566,Samuel Norris,josephwong@example.net,"5014 Tonya Villages Suite 312
Michaelberg, GA 98703"
567,Sara Chan,trevor03@example.net,"66699 Morrison Rest Apt. 683
Jessicaside, KS 75943"
568,Christine Reyes,sharpmargaret@example.net,"387 Shawn Trail
West Edwardhaven, SC 38500"
569,Linda Stanton,ugonzalez@example.com,"9642 Jesse Common
Robertfurt, IL 07416"
570,Danielle Munoz,douglassweeney@example.net,"267 Cummings Mountains
North Glenn, AR 41053"
571,Cathy Ramirez,bvazquez@example.com,"8256 Silva Vista
West Josephtown, UT 59325"
572,Megan Harris,taguilar@example.net,"48426 Nichole Drive Suite 652
North Lisastad, MI 10441"
573,Tracy Zavala,manningdonald@example.net,"75235 Amber Loop Apt. 942
Port Alicia, WY 59550"
574,Karen Watson,horozco@example.net,"1775 Amy Forges
Hernandezland, VI 18162"
575,Michael Johnson,lancekramer@example.org,"345 Anna Spring
West Jonathan, MT 49651"
576,Lisa Hansen,pwhitaker@example.com,"420 Wells Canyon Apt. 841
North Benjamin, IN 01165"
577,Nicholas Lewis,williamrichardson@example.com,"349 Smith Court Suite 782
Courtneymouth, DE 86467"
578,Blake Jacobs,rhayden@example.net,"699 Barrett Via
Jaredview, WI 89394"
579,Kathleen Moses,krausezachary@example.org,"7990 Rios Ports Suite 175
Port Stephenville, IA 36213"
580,Dennis Snyder,jillsalazar@example.org,"4556 Cassandra Pike Apt. 002
Smithport, NH 49996"
581,Tim Lee,rodriguezkimberly@example.org,"1053 Little Island
West Ronald, MI 14052"
582,Adam Hughes,darrell62@example.com,"24741 Espinoza Haven
East Kevinview, ND 30781"
583,Krista Kidd,wheelerdavid@example.com,"3371 Adrienne Cove
East Traci, NY 09043"
584,Taylor Walsh,kathleenlang@example.net,"45267 Tanner Dale Apt. 535
South Taylorstad, AK 90460"
585,Loretta Woods,sandra63@example.com,"USNS Banks
FPO AA 89163"
586,Travis Reyes,mooreheather@example.org,"85576 Richardson Extension Suite 212
Adkinsville, GA 05237"
587,Michael Garrett,ctaylor@example.org,"USCGC King
FPO AP 30704"
588,Brittany Hawkins,nguyenedwin@example.com,"3619 Kaiser Lodge
New Teresa, GA 45738"
589,Jonathan Morales,christine95@example.com,"PSC 7817, Box 8331
APO AE 21695"
590,Nicole Wilson,sophiawilliams@example.com,"4412 Denise Union
Port Mason, PA 90161"
591,Brenda Lambert,mcneilsusan@example.net,"590 Taylor Flat Apt. 472
Williamsshire, AK 96379"
592,Lawrence Miller,patricia27@example.org,"537 Rebecca Manors
West Alexandra, IN 26484"
593,Steven Wilson,ybutler@example.org,"1686 Tony Prairie Suite 434
West Seanborough, AL 71643"
594,Carl Jackson,lgordon@example.net,"15151 Mark Ports Apt. 305
Medinaland, IN 48772"
595,Nathan Rivera,david00@example.net,"62963 Richard Ports
New Julieborough, MS 48570"
596,William Vega,ronald84@example.org,"0176 Gregory Fields Apt. 933
Lake Matthewhaven, GA 16141"
597,Antonio Brown,tarmstrong@example.org,"687 Jackson Islands Suite 954
Calderonview, IN 34052"
598,Nicole Stevens,eblackwell@example.com,"85151 Benjamin Overpass
East Marcoport, IL 31200"
599,Eileen Moore PhD,ymcmillan@example.net,"68040 Tiffany Turnpike
Donaldport, PW 71638"
600,Paula Wong,jessicarodriguez@example.net,"3029 Collins Mission Suite 539
Carolynburgh, IN 22463"
601,Darrell Brown,michaelbernard@example.com,"8696 Tracy Highway
South Denisestad, MI 98900"
602,Sarah Blair,nicole46@example.org,"USNS Dominguez
FPO AE 32710"
603,Meghan Gray,elizabethroberts@example.net,"555 Martinez Prairie Apt. 651
Lake Christopher, OK 03404"
604,Olivia Garrett,millerkevin@example.net,"822 Jeremy Vista Apt. 077
New Jessicafurt, PW 70822"
605,Makayla Hughes,stephanieparker@example.org,"5873 Salas Highway
East Rebeccaburgh, MP 38636"
606,Robert Leonard,daniel00@example.org,"032 Sexton View
Cannonside, NY 67442"
607,Dylan Nolan,mmedina@example.net,"309 Kathryn Cove
Hoganland, NJ 03318"
608,Zachary Brandt,ipowers@example.com,"69598 Richardson Pike
New Michelleton, OR 36514"
609,Ronald Hopkins,pennywaller@example.net,"PSC 0001, Box 4161
APO AP 44041"
610,Jessica Carey MD,evansshelby@example.org,"483 Chambers Estates Apt. 283
Jenningsbury, IA 41248"
611,Jake Smith,paula97@example.com,"515 Reed Mountains Suite 287
East Renee, AZ 99873"
612,Mark Glass,jgomez@example.org,"2737 Simmons Mount Suite 600
Katherinetown, CT 47268"
613,Taylor Benton,dlane@example.com,"156 Jared Forge Suite 509
North Michael, PA 31202"
614,Erin Garcia,traceyparker@example.com,"29127 Adrienne Ports Apt. 784
West Crystal, MT 54460"
615,Wendy Hudson,williamsdavid@example.org,"USCGC Foster
FPO AP 38025"
616,Phyllis Zimmerman,schneidermatthew@example.net,"5314 Desiree Plain
Anthonyburgh, MH 25621"
617,Kimberly Green,jonesmichael@example.com,"144 Cameron Lights
South David, NC 70348"
618,Ashley Smith,odecker@example.net,"36476 Park Road
West Seanland, OH 67459"
619,Kelly Kelly,oconnellryan@example.com,"3992 Patricia Bypass Suite 726
Hillborough, GA 68381"
620,Eileen Willis,lewisruben@example.org,"29751 Terry Summit
East John, AK 06745"
621,Laura Martin,ssims@example.net,"04558 Erica Divide
West Lisaburgh, IA 44053"
622,Denise Roberts,ohunter@example.org,"4532 Patrick Hill Suite 367
East Brandonville, IL 12072"
623,Lindsey Garcia,carsonshannon@example.org,"21687 Martinez Rue Suite 541
Beltranview, PW 27452"
624,Amy Gomez,vhorton@example.net,"8417 Bell Squares Suite 314
Port Lisa, ND 75689"
625,Rebecca Krause,cassandrasmith@example.org,"1533 Megan Views
Jacobsside, MN 16420"
626,John Todd,cjohnson@example.com,"Unit 6442 Box 9891
DPO AP 95912"
627,Gerald Wood,olsonaustin@example.org,"7865 Henry Prairie Suite 439
West David, WV 52588"
628,Mariah Hood,rachel29@example.com,"54424 Lori Springs Apt. 232
Lake Tammymouth, WY 87027"
629,Jessica York,preyes@example.org,"42600 Tiffany Prairie
South Austinville, LA 17140"
630,Brandy Holland,myersdavid@example.org,"07989 Carla Ville Suite 550
Christopherberg, WA 81605"
631,Krystal Marshall,sjohnson@example.com,"PSC 2710, Box 1943
APO AP 41818"
632,Melissa Thomas,brenthayes@example.net,"4737 Beth Springs
Montoyaside, ME 98940"
633,Evan Hansen,jenna67@example.com,"45828 Stanley Lodge
North Melissa, PA 57908"
634,Karen Hines,gloriayoung@example.org,"15015 Figueroa Bypass
New Jeremytown, IN 43154"
635,Angela Ali,kennethlopez@example.com,"070 Calderon Lake Suite 711
New Kathleen, PW 32512"
636,David Williams,julie95@example.org,"9885 Catherine Lock
Halltown, PW 32106"
637,Tonya Terry,donna07@example.net,"11292 Davis Track Apt. 239
Jonesmouth, OH 85163"
638,Julie Martinez,mollyfisher@example.com,"4662 Nicholas Corner Apt. 073
West Reginaldstad, WY 76708"
639,Evan Brown,erica29@example.net,"6861 John Passage
Smithton, OK 76883"
640,Sara Murray,parkerkimberly@example.com,"547 Ingram Burgs
West Joshuaview, NM 48993"
641,Glen Rosario,brittanysantos@example.org,"6146 David Skyway Apt. 826
Douglaston, CO 23618"
642,Tiffany Smith,rubenwilliams@example.com,"41175 Eric Passage
Lake Joelfort, GU 77464"
643,Cody Le,ewilson@example.org,"30851 Jessica Parks Suite 882
Port Robert, OH 80002"
644,Michael Sanchez,blakesarah@example.org,"930 Matthews Valleys
Natashaville, ID 48275"
645,Edward Smith,tiffanycarter@example.org,"64229 Patel Pike Suite 143
Riveramouth, PR 30189"
646,Mallory Jensen,tayloranthony@example.org,"5307 Bush Inlet
Kevinfurt, GU 58954"
647,Nicole Snyder,oadams@example.org,"5630 Monica Circles
New Martha, OR 66468"
648,Kendra Stephens,jamessanchez@example.net,"26937 Christina Fords
Deborahberg, MO 16810"
649,Dillon Crawford,sbrown@example.org,"2208 Simmons Rest Suite 570
Torresburgh, AL 06845"
650,Michelle Lee DVM,erandolph@example.net,"8108 Brown Locks Suite 161
South Michaelborough, MO 96254"
651,Melissa Martinez,paula65@example.org,"530 Nicole Light Suite 342
South Bonnieberg, MD 89976"
652,William Holloway,torrestyler@example.org,"65381 Carroll Corner
Shannonville, MS 98859"
653,Drew Wilson,dnorton@example.com,"2292 Moore Centers
Westberg, ID 35970"
654,Rebecca Perry,russelltaylor@example.org,"578 Jimenez Crossing
West Steven, WY 18007"
655,Sheryl Henderson,karla59@example.net,"802 Murphy Lodge Apt. 621
Port Karen, VT 39797"
656,Tonya Davis,angelacarson@example.com,"2417 Mills Haven Apt. 764
North Anne, LA 65493"
657,Jeremy Colon,thomaschristine@example.com,"60902 Nicholas Orchard Suite 997
East Katherine, PR 83387"
658,Judith Nguyen,kyle66@example.com,"2189 Anna Village
Ashleyhaven, PR 55508"
659,Sophia Atkins,tmosley@example.net,"83514 Jackson Ridges Apt. 342
New Albert, FL 23098"
660,Kimberly Hardin,michael06@example.net,"179 Robert Extension
Patriciaborough, WI 32376"
661,Glenn Wilson,dmartinez@example.org,"140 Jay Stream
East Ericaside, MS 58701"
662,Jordan Jackson,kylie35@example.net,"99457 Jacqueline Mountains
Tommyview, TN 52487"
663,Michelle Henry,zdaniels@example.net,"644 Baxter Keys Apt. 019
Brewerfurt, NY 68879"
664,Damon Davis,dfreeman@example.net,"742 Elizabeth Course Apt. 087
Cooktown, DC 98442"
665,Kendra Martinez,jvelazquez@example.com,"Unit 1257 Box 3860
DPO AP 31259"
666,Mary Chen,tammyfloyd@example.net,"05834 Jennings Meadows Apt. 702
Browntown, DC 48354"
667,Cathy Howard,zhernandez@example.com,"69701 Kelly Burgs Apt. 284
New Justinmouth, NY 66771"
668,Shannon Myers,wwilliamson@example.com,"8321 Robert Keys Suite 236
Michaelburgh, IA 05146"
669,Ryan Mason,pmoreno@example.com,"0492 Tammie Passage Apt. 773
North Andrea, AR 55045"
670,Jamie Barton,flemingmark@example.com,"750 Newman Mountain
Durhamview, NH 19050"
671,Larry Burke,parsonsvictoria@example.org,"15466 Sarah Glen
Dunlapside, VA 79536"
672,Greg Cameron,emiller@example.com,"4379 Day Avenue Suite 711
West Stanleymouth, WI 92745"
673,John Ponce,kwhite@example.net,"865 Miller Route
Santiagoport, NJ 25090"
674,Nancy Nunez,allenmorgan@example.org,"943 Valencia Wells Apt. 163
Lake Veronica, OH 88103"
675,Thomas Martinez,lisa80@example.com,"6258 Kelly Gardens Apt. 256
North Joshuastad, IL 63892"
676,David Osborne,susan19@example.org,"765 Johnson Unions Apt. 354
Williambury, IA 03080"
677,Kenneth Shepherd,qdickerson@example.org,"75353 Wheeler Islands Apt. 490
Newtonville, DE 20720"
678,Elizabeth Shepherd,kmorgan@example.org,"PSC 1491, Box 0908
APO AA 12220"
679,John Taylor,brownmegan@example.org,"1495 James Drive
North John, MN 07466"
680,Peter Gordon,michelle06@example.com,"0522 Floyd Inlet
Carlsonside, WI 82061"
681,Samuel Sanchez,srodriguez@example.com,"1702 Russell Walk
New Ryanfurt, FM 61730"
682,Alicia Jensen,karenrangel@example.net,"15529 Leonard Mountain Apt. 544
West David, KY 36732"
683,Chris Hughes,hammonderic@example.com,"6160 Hayes Trafficway
West Chelsea, OH 77136"
684,Steven Jones,tylerchaney@example.org,"909 Carey Manor Apt. 516
South Michellemouth, LA 98793"
685,Alexander Fitzgerald,psmith@example.net,"9813 Shelia Ports Suite 925
Port Sarahside, WY 74415"
686,Larry Vargas,sarah02@example.com,"7456 Simmons Ports
New Teresatown, OR 28300"
687,Louis Santos,kimberlyyoung@example.org,"286 Lara Center
South Tracy, NC 91012"
688,Marcus Medina,kimwhite@example.com,"822 Bradley Skyway Suite 371
North Deannaview, AS 04334"
689,Alexandra Espinoza,fgallagher@example.com,"8971 Lee Burg
Lake Patricia, MN 78554"
690,Jesse Schwartz,roberthernandez@example.com,"PSC 5676, Box 5242
APO AE 86361"
691,Kristen Vang,deleonchristopher@example.net,"28618 Maureen Extension
New Shawn, CO 03052"
692,Jose Ward,levans@example.net,"7123 Lisa Lane
South Ashleyton, WY 80543"
693,Michael Mayer,amanda60@example.net,"746 Kristen Way Suite 710
Williamsonberg, ME 22865"
694,Lori Sexton,khansen@example.net,"14631 Andrew Road Suite 751
Sarashire, MN 31408"
695,Megan Potts,jonathan70@example.net,"83773 Paul Groves Apt. 127
Lake Dianastad, CA 42293"
696,Emily Hall,jeanette47@example.net,"32448 Barnett Mill Suite 791
Lake Katherineville, AL 72405"
697,Chad Gibbs,walkerkaren@example.net,"37601 Lyons Land
Ambermouth, LA 09406"
698,Daniel Martinez,pyoung@example.net,"3163 Angela Mountains Suite 110
Chaneyside, NC 42561"
699,William Cooper,corey47@example.net,"3650 Kelly Lights
Abigailview, MI 06365"
700,Wesley Cox,bhunt@example.net,"791 Stephanie Wall Suite 325
Johnsonchester, WA 78943"
701,Brandi Holder,haynesbobby@example.net,"46676 Krueger Station
Frazierburgh, SC 99000"
702,Alex Garcia,murphybobby@example.com,"Unit 3737 Box 7631
DPO AP 57447"
703,Sergio Miller,karenharrington@example.com,"9243 Scott Garden Apt. 841
Tonymouth, KS 25714"
704,Paige Wolfe,maryvelazquez@example.org,"7310 Julia Brook Apt. 784
Murillohaven, MH 04434"
705,Amy Valdez,vancechristopher@example.com,"80133 Dawson Rapid Apt. 485
New Sandramouth, MT 11211"
706,Mike Harris,donnajohnson@example.com,"846 Lopez Squares Apt. 252
North Dennisfort, ND 43882"
707,Kathryn Green,williamperez@example.org,"254 Rachel Junctions
Port Rhondaburgh, NM 94827"
708,Kelly Strong,wcase@example.org,"0526 Owen Common Apt. 047
West Breanna, OK 12212"
709,Gail Page,kennethroberts@example.com,"3550 Christopher Ramp Suite 844
West Amandafurt, KY 06632"
710,Darren Davis,daniellegilbert@example.org,"8947 Horton Forest
South Ginaview, GU 97054"
711,Robert Ferguson,paul65@example.com,"USCGC Moses
FPO AP 66444"
712,Michael Roberson,jperkins@example.com,"933 Shelton Radial Apt. 380
Lake Joseph, ND 51821"
713,Thomas Hines,xmorton@example.net,"2919 Fleming Rue
East James, AL 53872"
714,Debbie Washington,lindanicholson@example.com,"8670 Hart Green Suite 179
East Anthony, MS 22067"
715,Janice Haley,veronica66@example.com,"87204 Kevin Glens Suite 927
Kellyburgh, OK 27538"
716,Shane Higgins,daviscaitlin@example.org,"140 Jeremiah Island
North Roberttown, OH 33387"
717,Holly Norman,bensoncindy@example.com,"65249 Roger Roads
West Gregory, VI 22605"
718,Kyle Robinson,williampugh@example.org,"74477 Brooks Viaduct
Lake Davidville, MA 30334"
719,Neil Montgomery,melissasullivan@example.net,"9266 Taylor Hills
Jonesmouth, FM 77296"
720,Dennis Williams,joseph25@example.net,"43531 Bates Alley
Port Abigail, NH 85829"
721,Jason Howard,daniel91@example.org,"8822 Mitchell Ways Apt. 962
East Jon, VT 67698"
722,Wanda Carter,christophersmith@example.org,"06185 Mary Crossing Apt. 889
Lake John, TN 37103"
723,Stephanie Cox DVM,smithdonna@example.com,"Unit 3385 Box 3419
DPO AE 57093"
724,Laura Riggs,rferrell@example.org,"79798 Lisa Drive Apt. 002
East Jillian, OH 84171"
725,Blake Huber,lsingh@example.com,"78969 Rasmussen Skyway
New Allison, KS 51693"
726,Ashley Hooper,johnstondana@example.net,"3818 Frank Row Apt. 546
East Darlene, AS 28212"
727,Tammy Huber,moorelori@example.com,"4216 Allen Meadows Suite 107
West Kevin, AS 91650"
728,Janet Ford,emilymeyer@example.com,"7876 Laura Meadows
Port Deanstad, NJ 12896"
729,Donald Bishop,ralphhudson@example.org,"USNV Wagner
FPO AA 12504"
730,Jordan Roberts,nicholas02@example.net,"PSC 9072, Box 5747
APO AP 94906"
731,Ryan Golden,ufox@example.com,"64822 Lopez Island
Lake Ralphberg, IN 04913"
732,Kevin Beard,burnettpatrick@example.org,"256 Emma Parkways Apt. 830
Port Taylor, LA 97918"
733,Evelyn Cooper,andrea51@example.com,"89597 Robin Ports Apt. 693
Jordanside, IL 38756"
734,Kevin Schultz DDS,kdixon@example.org,"566 Garrison Port
Mosleyview, WY 78161"
735,Jasmine Williams,john07@example.net,"35731 Nicholas Run Suite 096
Victoriaborough, HI 77818"
736,Lisa Dudley,lturner@example.org,"45059 Mercado Extension
Port Amyburgh, FL 92208"
737,Dennis Evans,rebekahsmith@example.com,"Unit 6434 Box 5306
DPO AE 62807"
738,Ashley Brown,lauraellis@example.org,"6420 Harding Mission
Williamston, WY 14905"
739,Henry Jones,ashley61@example.org,"19104 Mitchell Burgs Apt. 184
East Sylvia, DC 32935"
740,Scott Griffin,peter73@example.net,"546 Nicole River Apt. 114
Jeremyburgh, TN 17314"
741,Debra Clayton,lbailey@example.org,"5854 Karen Plaza
Mclaughlinland, WY 14690"
742,Teresa Campbell,lisastark@example.net,"PSC 7723, Box 5592
APO AP 65605"
743,Julia Stewart,amymoody@example.org,"935 Sarah Branch
Guzmanshire, AR 34087"
744,Jason Brown,joshuamiller@example.net,"244 Gilbert Forks
New Clinton, MN 96179"
745,Andrew Morton,iwilliams@example.net,"86717 Suzanne Circle Suite 918
South Alexis, IA 29234"
746,William Smith,pamela30@example.org,"488 Daniel Shoals
Mccarthyborough, PR 08873"
747,Loretta Taylor,rachel10@example.org,"329 Diaz Green
Lake Stephanie, AL 43768"
748,David Jones,jose41@example.net,"Unit 4131 Box 7077
DPO AP 61892"
749,Barbara Bailey,leemegan@example.com,"7799 Mark Trail Apt. 342
Mckeestad, IA 90697"
750,James White,scott58@example.org,"536 Flores Trail Suite 233
Stevenmouth, WV 53566"
751,John Rose,wmiller@example.org,"3395 Carter River
Royview, OK 66790"
752,Emma Perez,jeffreymartinez@example.org,"307 Cynthia Shoal
Angelaland, PR 81109"
753,Kathleen Wheeler,martin50@example.com,"724 Thornton Island
New Cassandra, AL 58336"
754,James Foster,spearsdouglas@example.com,"37514 Maria Tunnel
South Jean, NE 92032"
755,Christine Rogers,mark63@example.org,"PSC 9062, Box 8230
APO AE 85296"
756,Monica Shepherd,brenda98@example.com,"135 Andrew Port Suite 185
Wileyside, MH 85244"
757,Kathryn Gonzales,zclark@example.net,"501 Michael Spur
West Jeanview, WY 39130"
758,Christopher Lee,crystalwest@example.org,"84757 Omar Manors Suite 786
Beanland, NJ 87703"
759,Megan Carroll,ofowler@example.org,"81897 Rodriguez Bridge Suite 574
Lake Luisside, LA 83234"
760,Holly Crosby,tdodson@example.com,"715 Theodore Trail
North Carl, NJ 12020"
761,Allen Boyle,hroberts@example.net,"21737 Ball Pines
West Alexanderfort, MH 84403"
762,Lindsay Davis,eatonelizabeth@example.net,"0611 Simon Port
West Catherine, FM 34040"
763,Andrew Rasmussen,michaellopez@example.net,"PSC 6974, Box 4313
APO AE 82197"
764,Melissa Roberts,imolina@example.net,"42257 Jose Garden
Travistown, ME 23181"
765,Jill Santiago,sheila92@example.com,"47753 Johnson Orchard
New Audreyberg, MD 96405"
766,Andrew Snyder,michael86@example.com,"7362 Brown Plain Suite 264
Port Brianborough, IL 73486"
767,Lauren Hicks,dmeyer@example.com,"47788 Teresa Dale Suite 414
Millerbury, PR 70518"
768,Matthew Williams,wilsoncynthia@example.com,"4099 Duncan Row
Michaelstad, VA 02124"
769,Jennifer Brennan,thomas15@example.com,"419 Claudia Square Suite 752
Teresafort, KY 52624"
770,Jeanne Campbell,philip35@example.org,"04259 Vasquez Road
Port David, SD 51235"
771,Jeffrey Nicholson,ghoward@example.net,"96172 Young Loop
North Michael, ME 66126"
772,Philip Carter,millerkyle@example.org,"420 Martinez Port
Burgesshaven, MP 74923"
773,Shaun Conley,ecollins@example.org,"33846 Daniel Via Suite 876
Lake William, MA 86014"
774,Sally Calderon,jacquelinegonzalez@example.com,"936 Jimenez Burg
South Nathan, PR 90856"
775,Megan Padilla,williamsamy@example.com,"29070 Rodriguez Center
Georgehaven, VI 31781"
776,Hector Avila,christophermcgrath@example.org,"02321 Foster Village Suite 512
Rodriguezburgh, KS 38784"
777,Amanda Palmer,johnlucas@example.net,"2413 Angela Keys
Colinbury, MO 14443"
778,Caitlin Watts,rsmith@example.org,"97496 Donaldson Heights
Mariahton, PW 03931"
779,Dr. Kimberly Park DDS,lopezbridget@example.com,"191 Johnson Villages
West Brandiburgh, ME 55688"
780,Jeffrey Moore,youngrobert@example.com,"073 Ryan Fort
North Kimberlytown, IA 91020"
781,Kendra Torres,tonygonzalez@example.net,"PSC 3477, Box 9452
APO AE 10142"
782,William Osborne,amy33@example.org,"27677 Tiffany Coves
Billtown, FM 84110"
783,Anna Cantu,watsonrachel@example.com,"2764 Elizabeth Ports
West Joann, FL 45692"
784,Kathy Cochran,charleswilliams@example.com,"44674 Eric Lodge Apt. 053
Mariahton, NC 27269"
785,Shawn Gilmore,aaronbailey@example.com,"2765 Burke Tunnel Suite 217
New Lisa, AR 64262"
786,James Cruz,sierra77@example.org,"5634 Kenneth Radial Apt. 810
Alecport, AR 63359"
787,Lance Ward,laurenwagner@example.net,"74470 Smith Well Suite 372
New Joe, AR 96156"
788,Michelle Hubbard,jpowell@example.org,"26816 Salas Land Apt. 348
Krystalhaven, NJ 72780"
789,Kevin Shepherd,lopeztyler@example.org,"4576 Rubio Pines Suite 895
South Juanport, MP 41591"
790,Timothy Santana,uray@example.org,"4792 Cody Plain
North Seanfurt, FL 98169"
791,Robert Melton,kimberlydavenport@example.net,"26940 Amy Springs Apt. 321
Williamsmouth, VA 31591"
792,Carla Callahan,tonyhughes@example.com,"8776 Guerrero Plain
West Kelly, KY 89928"
793,Jessica Levine,hallelizabeth@example.org,"1608 Michelle Island
Port James, DC 79148"
794,Andrew Hester,cespinoza@example.com,"100 Richard Shoals Suite 163
South Kelli, MS 78384"
795,Barbara Bean,joshuajones@example.net,"USCGC Hernandez
FPO AA 25017"
796,Lisa Cochran,michaelwilson@example.com,"43153 Ramirez Underpass
New Cheryl, SC 44115"
797,Connor Scott,danajohnson@example.net,"PSC 7947, Box 0456
APO AA 13099"
798,Teresa Allen,gwells@example.com,"918 Solomon Parks Suite 424
New Yvettebury, PW 82822"
799,Tamara Jones,bcohen@example.org,"897 Wang Motorway
Santoshaven, MS 30176"
800,Shawn May,timothywilson@example.com,"96306 Meyer Meadow Suite 282
East Belinda, PA 52803"
801,Dr. Ethan Cooke DVM,paulreyes@example.net,"Unit 6969 Box 9392
DPO AP 97269"
802,Frank Peterson,santiagodean@example.org,"Unit 0744 Box 9102
DPO AA 22302"
803,Kevin Delgado,michael68@example.com,"78257 Griffin Garden Suite 594
Matthewshire, NH 59041"
804,Austin Lopez,greganderson@example.com,"38691 Howell Streets
Harrisfurt, NE 86961"
805,Laura Hubbard,smithdaniel@example.org,"487 Reese Shoals
Lake Pamela, DC 87895"
806,Ryan Bridges,alexandermichael@example.net,"8392 Amanda Prairie
Glenbury, MT 36019"
807,Charlotte Morris,donald64@example.org,"72847 Susan Motorway
Leslieland, IL 24237"
808,Shelley Johnson,garyhernandez@example.net,"88596 Palmer Neck Suite 641
Anthonystad, MD 90956"
809,Danielle Benson,garykirk@example.com,"29360 Kimberly Loaf
South Robert, KY 91569"
810,Teresa Lutz,johnsonchristopher@example.net,"456 Stephens Trace
Pruittmouth, LA 02491"
811,Eduardo Robinson,nknapp@example.com,"20489 Kathleen Oval Suite 956
West Josephside, OH 89525"
812,Kyle Robinson,jamesbarrett@example.org,"7332 Travis Rapid
North Carolmouth, LA 48421"
813,Michael Fowler,paul42@example.net,"49705 Allen Prairie Suite 657
Lloydmouth, AZ 21852"
814,Jamie Lozano,samantha17@example.com,"PSC 5575, Box 3566
APO AE 77600"
815,Laura Miller,mayersonya@example.net,"9286 Valerie Glens
Anneberg, MD 19384"
816,Dr. Stephanie Holmes,robert98@example.net,"1575 Tristan Courts
Christinaland, AZ 97597"
817,Sylvia Frazier,webbkaren@example.com,"9331 Christopher Springs
Port Jessicaville, AK 63098"
818,Kelly Stevens,brenda58@example.net,"0969 Jeffery Garden Apt. 933
Lake Sean, RI 02720"
819,Shannon Swanson,joseph26@example.com,"48089 Price Manor Apt. 941
Lake Susan, SD 73484"
820,Mr. Bernard Farmer MD,williamsonfrank@example.com,"USNS Blackwell
FPO AA 43478"
821,Diana Brown,ajames@example.net,"8099 Briana Drive Suite 855
East David, DC 47702"
822,Emily Morales,bushjay@example.com,"9087 Greene Branch Suite 409
Kristinaborough, NM 68439"
823,Christina Alvarez,vaughankristen@example.org,"5837 Tina Extensions
Lake Michael, SC 64218"
824,Amy Torres,eking@example.org,"6673 Potter Path Apt. 065
Lake Brandy, FM 46603"
825,Suzanne Chapman,paul19@example.org,"042 Matthew Lodge Apt. 818
North Hannah, IA 04079"
826,Tracy Ruiz,fingram@example.org,"PSC 4073, Box 2874
APO AP 16834"
827,Omar Cantu,amy14@example.org,"58737 Gray Lakes Suite 880
North Elizabethport, NJ 76360"
828,Stephanie Shepherd,taylorcarrillo@example.com,"USNS Stone
FPO AE 59026"
829,Jennifer Love,keith01@example.com,"52882 Brown Trail
Kimberlyside, MH 36010"
830,James Jones,shepherdwilliam@example.net,"30841 Kimberly Squares Suite 598
Jaredshire, IA 14993"
831,Kendra Miranda,sanchezmargaret@example.org,"0505 Mcdonald Creek Suite 027
East Billy, IL 16763"
832,Marc Boyd,brittanywest@example.net,"85360 Shaw Prairie Apt. 091
Jimenezview, NY 43329"
833,Stephanie Avery,rodriguezsandra@example.net,"07057 Klein Mountains
North Johnathan, MA 37461"
834,Austin Ponce,thomasamy@example.org,"52862 Joseph Point Apt. 796
Petersonberg, MO 88748"
835,Marc Bonilla,luis89@example.com,"Unit 3644 Box 4499
DPO AP 58135"
836,Amber Nelson,fmoran@example.com,"6252 William Roads
Wattsville, MN 65284"
837,Barbara Coffey,courtneymiller@example.com,"4681 Adam Ridge Apt. 982
South Jeffrey, MD 25233"
838,Melissa Lucas,christopherdavis@example.com,"PSC 0888, Box 3275
APO AP 60355"
839,Paul Benjamin,jason63@example.org,"01132 Elizabeth Crescent Apt. 980
Garymouth, NJ 19001"
840,Miguel Scott,yjackson@example.org,"PSC 2724, Box 6707
APO AE 54286"
841,Tammy Washington,robertbray@example.org,"8816 Rodney Squares
Lake Matthewside, WV 12826"
842,Lisa Thompson,robert30@example.net,"832 Alexander Row
North Dennisfurt, NY 25183"
843,Casey Golden,nicolejohnson@example.com,"6091 Julia Meadows
North Bradley, CO 98901"
844,Duane Lee,melissasullivan@example.net,"8427 Cathy Springs Suite 644
Rogerstown, DC 33677"
845,Kaitlyn Stephenson,martha28@example.com,"7464 Edward Ridges
Miaville, MP 05463"
846,Robert Murillo,bethkim@example.org,"3549 Anthony Burg
New Nicholas, DE 34188"
847,Debra Patel,henrytran@example.com,"42431 Candace Points Suite 173
New Scott, RI 60256"
848,Laura Clarke,marthalarson@example.com,"8980 Lee Village Suite 706
Davidburgh, CO 10175"
849,Kaitlyn Price,stephanieshah@example.com,"USCGC Murphy
FPO AP 03303"
850,Kathryn Preston,mccormickchris@example.org,"547 Rocha Spurs
Mariaberg, AZ 74076"
851,Ryan Brown,dmunoz@example.net,"150 Bell Inlet
South Valerietown, TX 93417"
852,Stephanie Swanson,stewartgeorge@example.net,"0755 Mccann Knoll
East Bradley, AK 04280"
853,Brianna Scott,shaunperry@example.com,"5059 Paula Way Apt. 267
Port Stephaniemouth, VI 94293"
854,Lucas Mendoza,ycohen@example.net,"438 Jones Hollow Apt. 703
North Brianna, VI 41199"
855,Christina Sanchez MD,sharonknight@example.com,"123 Cheryl Crest
Lake Carolyn, CT 93340"
856,Amber Johnson,christine67@example.org,"PSC 3330, Box 0904
APO AP 69147"
857,Alicia Wilson,emilythompson@example.net,"5700 Lamb Lane Apt. 148
Jeffreyburgh, FM 43629"
858,Linda Mcclain,garrett49@example.net,"624 Patrick Island
West Christopher, AK 42839"
859,Tommy Ruiz,robert32@example.org,"24705 Gonzalez Bypass
New Carolyntown, CO 22367"
860,Brittany Brown,heidibrooks@example.net,"12624 Terry Streets Suite 181
West Josephbury, NJ 02789"
861,Kimberly Garcia,ruizvanessa@example.org,"02896 Lee Lodge
East Davidborough, TX 14835"
862,Jennifer Garcia,gabriel79@example.org,"443 Paul Plains
Geraldberg, GA 17503"
863,William Farley,douglasmartinez@example.org,"619 Richard Mews
South David, MI 21888"
864,William Clay,griffithdebra@example.org,"13488 Olivia Canyon Suite 446
Comptonland, VI 70118"
865,Vanessa Cook,vickie15@example.org,"42383 Shawn Circles
Julieberg, PA 27083"
866,Joshua Barrera,lindseyhickman@example.org,"812 Carla Shoal
Stephenland, UT 98368"
867,Megan Farmer,perezsara@example.com,"USS Matthews
FPO AE 28566"
868,Deborah Taylor,brenda08@example.org,"3963 Moran Cliffs Apt. 989
Danielburgh, MA 40608"
869,Brenda Flores,bryan40@example.com,"8883 Jennifer Junction
New Dylan, NY 81468"
870,Hannah Hoffman,joy22@example.org,"47611 Berg Cliffs
Woodardfurt, GA 64981"
871,Ethan Coleman,jennifer10@example.net,"090 Stone Trail
Leonardburgh, WY 02578"
872,Gwendolyn Heath,diane18@example.org,"362 Contreras Plains Suite 327
East Thomas, NE 86725"
873,Danny Mercado,dhughes@example.org,"5808 Natalie Points
Lisatown, AR 40544"
874,Linda Estrada,bcunningham@example.net,"PSC 2340, Box 3805
APO AP 27807"
875,Cameron Cook,seankim@example.net,"1019 James Glen
Walkertown, AS 36429"
876,Hailey House,dknight@example.net,"69345 David River Apt. 281
North Alexandra, NE 82310"
877,Deanna Ryan,alexandria54@example.net,"6147 Kelly Isle
Davisside, FL 84161"
878,Jason Wood,debra75@example.net,"82904 Mary Ford
Michaelberg, SC 86733"
879,Troy Jones,bmartinez@example.com,"52394 Sarah Isle Suite 959
Amandahaven, MD 10889"
880,Steve Clark,mnguyen@example.net,"353 Benjamin Cliff Suite 205
Alexanderside, FL 47715"
881,Amy Myers,hbrown@example.org,"668 Amanda Parkway Suite 293
Jamesshire, AR 95456"
882,Megan Blanchard,clairekelley@example.net,"90906 Christopher Fork
Port Stephanie, KS 53218"
883,James Young,allison17@example.org,"82524 Joel Highway
Scottville, NV 19988"
884,Joseph Johnson,vestrada@example.net,"59142 Rachel Court Suite 821
Stephanieport, VT 43250"
885,Nicole Richardson,justinlewis@example.org,"1128 Lauren Knolls
Evansfort, IN 26532"
886,Derek Greene,ryansellers@example.org,"0347 Christopher Throughway Apt. 393
New Davidton, AZ 14095"
887,Samantha Hicks,richardbowman@example.org,"140 Burgess Ville Suite 048
New Justinport, MP 38752"
888,Eric Oneill,twalker@example.net,"7246 Brandon Track Suite 661
Juliamouth, ND 67365"
889,Christina Cooper,hartelizabeth@example.com,"10586 Hayes Orchard
West Jessica, KS 96805"
890,Walter Phelps,qwright@example.net,"USNS Russell
FPO AA 21898"
891,Tammy Parks,masseystephanie@example.org,"16454 Carpenter Ford
North Michelleburgh, MP 62494"
892,Alexandra Colon,schaeferelizabeth@example.com,"93948 Thomas Junctions
South Jennyport, NM 65208"
893,Michael Thompson,palmermelanie@example.net,"2925 Calderon Island
Lake Scott, OH 17477"
894,Ashley Compton,jeffrey10@example.org,"12404 Stone Keys
North Margaret, OR 29783"
895,Calvin Allen,joelchapman@example.com,"43416 Shannon Springs Suite 731
Christinamouth, OK 26526"
896,Russell Lowe,nmartinez@example.net,"2014 Bryant Greens Apt. 879
Guerreroshire, AS 35835"
897,Jose Robertson,brownjermaine@example.org,"97691 Dana Radial
Andreaside, SC 64227"
898,Donna Smith,bethanysummers@example.org,"48908 Davis Overpass Apt. 809
Lake David, ME 07949"
899,Kristen Wilson,david35@example.net,"27133 Johnson Square
Spenceview, IA 72855"
900,Christine Carson,kjordan@example.com,"Unit 4545 Box 4715
DPO AP 72089"
901,Joshua Ball,mstevens@example.net,"46807 Douglas Shores Suite 462
Bradyton, RI 40892"
902,Jeffrey Schmidt,cameron97@example.org,"01752 Alexander Rapids
Port Josephmouth, VT 30768"
903,Thomas Duffy,zachary91@example.net,"61539 Foley Isle Apt. 425
Port Jorgehaven, WY 57472"
904,Rachel Moore,diazjames@example.com,"71506 Bishop Corners Apt. 763
New Phillipfurt, PA 72257"
905,Curtis Jensen,riveralauren@example.net,"170 David Alley
Williamburgh, WV 85089"
906,Lisa Jones,susanatkinson@example.org,"PSC 9882, Box 6088
APO AE 86198"
907,Peter Lawrence,allenparker@example.com,"PSC 7654, Box 3927
APO AA 29484"
908,James Parker,iholland@example.com,"USCGC Miller
FPO AP 92365"
909,Jeffrey Gomez,lauren57@example.com,"37472 Brian Spurs Apt. 998
North Heather, WA 15911"
910,Teresa Henry,payneemily@example.org,"201 Castro Field
Medinafurt, AS 43195"
911,Jessica Gonzalez,fraziersamantha@example.net,"707 Gray Square
Hoodburgh, SD 57240"
912,Phillip Gomez,afox@example.net,"288 Brooks Spring
West Michelle, ID 13226"
913,Troy Mclaughlin,marymartin@example.net,"Unit 2852 Box 7349
DPO AA 84781"
914,Amy Cobb,wstone@example.com,"8059 Rodriguez Manor Suite 441
Lake Lisaland, AL 04620"
915,James Kemp,ivargas@example.org,"44167 Watts Mission
Josephchester, MA 03160"
916,Eddie Weber,james98@example.org,"352 Gabriella Green Apt. 558
West Josephfurt, PR 87472"
917,David Guzman,carolyn10@example.com,"61286 Silva Glen
West Kellyville, MS 16485"
918,Tammy Huynh,sherri92@example.org,"94367 Ronald Grove Suite 295
Wardport, NE 36342"
919,Chad Jones,lwoods@example.com,"41404 Michael Well Apt. 187
Jesseville, WV 01221"
920,George Velazquez,christopher91@example.net,"955 Dennis Corners
Vazquezhaven, NV 68981"
921,Ryan Burke,wrangel@example.org,"42604 Jeremiah Lodge Apt. 212
North Shannon, MT 02217"
922,Julia Robertson,tammy30@example.net,"45330 Melissa Lakes Apt. 638
Hoffmanhaven, VT 72260"
923,Adam Kelly,coopervincent@example.com,"10027 French Fall
New Brian, NY 28125"
924,Eric Collier,bhoward@example.org,"09038 Taylor Crest
Port William, AL 42514"
925,Kendra White,gravesricardo@example.org,"634 Chambers Trail
Lake Justin, DC 74989"
926,Scott Beltran,riley95@example.net,"0242 Justin Cliff Apt. 841
Diazburgh, KS 93582"
927,Jacob Jimenez,carlsonkenneth@example.com,"323 Randy Hills
West Thomasmouth, AK 94662"
928,Joshua Williams,boothjennifer@example.net,"375 Martin Spurs Suite 010
West Cynthiahaven, DC 55940"
929,Jennifer Villanueva,lclark@example.com,"9710 Smith Plain
Port Susanberg, OK 15122"
930,Jessica Lucas,baileyjon@example.com,"39913 Arnold Parkway
Amyfurt, IN 09295"
931,Lindsay Price,matthew92@example.net,"136 Ramos Brook Apt. 580
New Alfred, GU 48365"
932,Erin Howard MD,jacob72@example.com,"1219 Walker Throughway
Olsonberg, SD 59268"
933,Emily Ellis,matthew73@example.net,"USCGC Reyes
FPO AP 73955"
934,Kayla Baker,banksjonathan@example.com,"923 Rodriguez Parkways
North Josephberg, DE 29435"
935,James Lewis,kyang@example.org,"PSC 8260, Box 2298
APO AP 76178"
936,Tony Watson,eric16@example.com,"5505 Erin Crossing Suite 025
Lake Amber, MN 02629"
937,Mark Edwards,gcrawford@example.com,"717 Snyder Views Suite 379
Graystad, MA 17732"
938,Debbie Hill,eleach@example.com,"27127 Hill Squares
Tylershire, LA 68973"
939,Dana Navarro,chase92@example.com,"459 Paula Loaf Suite 803
Lake Jeffreybury, VA 10849"
940,Gregg Edwards,ashleyward@example.org,"2302 Holder Manor Apt. 586
Rojaschester, GA 16730"
941,Catherine Whitehead,hubbardsarah@example.net,"114 Harper Street Apt. 623
Rickyland, CT 07106"
942,Wendy Mcdonald,isaacgonzalez@example.org,"6767 Eduardo Terrace Apt. 576
Port Jeremybury, IN 83814"
943,Hannah Faulkner,lawrencekevin@example.net,"Unit 3686 Box 4279
DPO AE 50051"
944,Daniel Snyder,mhernandez@example.net,"73161 Morgan Harbors
Port William, ID 90303"
945,Daniel Harrell,michelle83@example.org,"194 Jon Alley Apt. 101
Kristyview, PR 09008"
946,Mr. John King,pmartinez@example.org,"1986 Brian Ville
Port Shawn, ND 01193"
947,Shane Mcdonald,ryansoto@example.net,"38195 Mendoza Courts
Sherrytown, FM 34217"
948,Colleen Clark,sarah35@example.org,"PSC 2550, Box 0906
APO AE 92378"
949,David Wilcox,robertsalexander@example.org,"4438 Rebecca Shoal
Kennethport, WV 51094"
950,Alexandra Bass,meadowssean@example.net,"3304 Castro Alley
North Jessicaberg, MT 47963"
951,Jasmine Owens,tina99@example.net,"8165 Collins Loop
South Christine, CA 25346"
952,Daniel Martin,pmorgan@example.org,"63764 Gardner Ramp Apt. 104
Gonzalesshire, AL 54267"
953,Rebecca Dennis,travis87@example.org,"511 Justin Plaza
Ramseyside, ND 58765"
954,Aimee Cross,holderanna@example.net,"912 Lopez Shore Suite 318
New Megan, UT 75222"
955,Madison Fischer,garciajeffrey@example.net,"3039 Danielle Square Apt. 648
Lake Davidburgh, MS 55716"
956,Andrew Hansen,danielle24@example.org,"328 Brewer Spurs
Amyside, UT 67481"
957,Bianca Conrad,andreawilliams@example.org,"646 Olivia Trail Suite 618
South Christopherbury, HI 48596"
958,Logan Wolf,hsullivan@example.net,"0259 Debra Curve Suite 837
East Robertton, WA 62145"
959,Joy Brown,christopherrussell@example.org,"5930 Edwards Port
Davidsonton, IL 93632"
960,Christopher Norris,michael22@example.org,"Unit 9847 Box 8173
DPO AA 05279"
961,Patricia Pham,bishoptommy@example.org,"2366 Bryant Forks Suite 729
Victorton, VA 25002"
962,Mr. Stephen Sanders,bryan64@example.net,"4827 Elizabeth Causeway Suite 644
Port Kayla, IA 74062"
963,Patrick Washington,karen83@example.net,"4449 Cunningham Union
Huntermouth, LA 67004"
964,Mikayla Reed,nwashington@example.com,"405 Kimberly Key
Garymouth, NC 94242"
965,Anna Smith,yarnold@example.net,"436 Hughes Ports Apt. 558
Port Margaret, GA 38953"
966,Tracy Vaughn,brookehoward@example.net,"71630 Johnny Cape Apt. 436
Lake Michaelhaven, ND 59426"
967,Ryan Bautista,jeffreyduncan@example.org,"603 Buchanan Street Apt. 768
Lake Stevenland, ME 39627"
968,Erica Parks,james95@example.net,"632 Martin Orchard Apt. 755
Watsonmouth, NH 19087"
969,Taylor Williams,deanna39@example.com,"227 Evans Port
North Brittanychester, PR 12469"
970,Heather Stevens,andrew70@example.org,"46701 Steven Rest
Youngland, IL 77184"
971,Christopher Thomas,curtislee@example.org,"133 Rodney Square Apt. 327
Shannonview, MP 09482"
972,Courtney Kidd,brian03@example.com,"368 Jose Coves
Garzafurt, CO 06423"
973,Keith Adams,joshua28@example.net,"99227 Benjamin Pass
Johnside, ID 66077"
974,Douglas Brown,coryclark@example.com,"1630 Ashley Throughway Suite 871
South Kyle, AS 21806"
975,Shawn Torres,leahgutierrez@example.com,"715 Hess Flat Apt. 351
Paulstad, NY 77967"
976,Vincent Carey,martinwanda@example.org,"59196 Sheila Crescent
Lake Williamborough, MP 25411"
977,Patrick Lee,lisa11@example.com,"59570 Mckee Via
South Jennifer, ND 47939"
978,Carla Wilson,olsonemily@example.net,"424 Luna Greens Suite 077
Colleenmouth, MA 37248"
979,Richard Sawyer,holmesdiane@example.net,"24990 Watts Land Suite 651
East Cassandra, GA 28447"
980,Phyllis Allen,markanderson@example.org,"2613 Hicks Springs Apt. 045
Port Thomasstad, OK 83871"
981,Steven Wilkinson,christycummings@example.com,"550 Carroll Plain Apt. 193
East Kristinton, AS 77070"
982,Susan Andrews,isingh@example.net,"72103 Saunders Underpass
South Rebekah, GA 80056"
983,Barbara Harris,margaretflynn@example.com,"01005 Erik Via
Port Tiffany, MA 85706"
984,Natasha Summers,delgadoallison@example.com,"823 Sandoval Views
Jasonshire, PW 27933"
985,Julia Swanson,catherine21@example.net,"USCGC Acosta
FPO AA 39215"
986,Dana Curry,hartmanangela@example.org,"510 Medina Valley
Ashleybury, MN 13878"
987,Richard Williams,clintonjordan@example.com,"88826 Karen Terrace Suite 476
Joannhaven, MS 86293"
988,Mary Nelson,matthew73@example.org,"51125 Angela Turnpike Apt. 917
Davidmouth, PR 63574"
989,Cynthia Martin,timothygardner@example.com,"Unit 1958 Box 1051
DPO AA 97249"
990,Darren Woods,wespinoza@example.com,"1392 William Trafficway
Port Cheryl, MN 56132"
991,Dean Bray,sherry25@example.net,"34436 Kayla Trail
Janeville, WY 52560"
992,Janet Sanchez,donnablake@example.org,"3526 Matthew Forest Suite 112
Schwartzton, LA 93209"
993,Christopher Conrad,jeffrey85@example.com,"00745 Mary Knoll
West April, PR 26513"
994,John Roberts,dguzman@example.com,"392 Paula Estate Suite 787
West Neilfurt, OH 18723"
995,Phillip Chavez,brittney90@example.com,"63155 Mullins Glens Apt. 712
Jefferyville, CT 72018"
996,Jennifer Wilson,robinsonjennifer@example.org,"827 Omar Fords Suite 789
West Vernon, MT 52607"
997,Heather Wu,brownjill@example.com,"88937 Myers Summit
Port Veronica, DE 66603"
998,Jacqueline Thomas,krystal16@example.com,"80037 Murphy Orchard
Lake Brandon, WY 39841"
999,Gregory Edwards,charlesbryant@example.com,"Unit 6758 Box 1542
DPO AE 94877"
1000,Caleb Williams,vwest@example.com,"PSC 1769, Box 0975
APO AE 73499"
